utc,live_processed,live_action,replay_action,action_cmp,live_reason,replay_reason,reason_cmp,regime5_cmp,structure5_cmp,event_type_cmp,regime15_cmp,regime30_cmp,structure_level_diff_usd,location_vs_event_level_diff_usd,quality_live_vs_replay,rr_live_vs_replay,entry_live_vs_replay
2026-09-30T07:30,true,WAIT,WAIT,MATCH,NO_ELIGIBLE_STRATEGY,NO_ELIGIBLE_STRATEGY,MATCH,MATCH,MATCH,MATCH,MATCH,MATCH,0.17,0.18,UNAVAILABLE (live logs quality only for signals),UNAVAILABLE,UNAVAILABLE
2026-09-30T07:35,true,WAIT,WAIT,MATCH,NO_ELIGIBLE_STRATEGY,NO_ELIGIBLE_STRATEGY,MATCH,MATCH,MATCH,MATCH,MATCH,MATCH,0.17,0.18,UNAVAILABLE (live logs quality only for signals),UNAVAILABLE,UNAVAILABLE
2026-09-30T07:40,true,WAIT,WAIT,MATCH,NO_ELIGIBLE_STRATEGY,NO_ELIGIBLE_STRATEGY,MATCH,MATCH,MATCH,MATCH,MISMATCH,MATCH,0.17,0.18,UNAVAILABLE (live logs quality only for signals),UNAVAILABLE,UNAVAILABLE
2026-09-30T07:45,true,WAIT,WAIT,MATCH,NO_ELIGIBLE_STRATEGY,NO_ELIGIBLE_STRATEGY,MATCH,MATCH,MATCH,MATCH,MISMATCH,MATCH,0.17,0.18,UNAVAILABLE (live logs quality only for signals),UNAVAILABLE,UNAVAILABLE
2026-09-30T07:50,true,WAIT,WAIT,MATCH,NO_ELIGIBLE_STRATEGY,NO_ELIGIBLE_STRATEGY,MATCH,MATCH,MATCH,MATCH,MISMATCH,MATCH,0.17,0.18,UNAVAILABLE (live logs quality only for signals),UNAVAILABLE,UNAVAILABLE
2026-09-30T07:55,true,WAIT,WAIT,MATCH,NO_ELIGIBLE_STRATEGY,NO_ELIGIBLE_STRATEGY,MATCH,MATCH,MATCH,MATCH,MATCH,MATCH,0.17,0.18,UNAVAILABLE (live logs quality only for signals),UNAVAILABLE,UNAVAILABLE
2026-09-30T08:00,true,WAIT,WAIT,MATCH,NO_ELIGIBLE_STRATEGY,NO_ELIGIBLE_STRATEGY,MATCH,MATCH,MATCH,MATCH,MATCH,MATCH,0.17,0.18,UNAVAILABLE (live logs quality only for signals),UNAVAILABLE,UNAVAILABLE
2026-09-30T08:05,true,WAIT,WAIT,MATCH,NO_ELIGIBLE_STRATEGY,NO_ELIGIBLE_STRATEGY,MATCH,MATCH,MATCH,MATCH,MATCH,MATCH,0.17,0.18,UNAVAILABLE (live logs quality only for signals),UNAVAILABLE,UNAVAILABLE
2026-09-30T08:10,true,WAIT,WAIT,MATCH,NO_ELIGIBLE_STRATEGY,NO_ELIGIBLE_STRATEGY,MATCH,MATCH,MATCH,MATCH,MATCH,MATCH,0.04,0.18,UNAVAILABLE (live logs quality only for signals),UNAVAILABLE,UNAVAILABLE
2026-09-30T08:15,true,WAIT,WAIT,MATCH,NO_ELIGIBLE_STRATEGY,NO_ELIGIBLE_STRATEGY,MATCH,MATCH,MATCH,MATCH,MATCH,MATCH,0.04,0.18,UNAVAILABLE (live logs quality only for signals),UNAVAILABLE,UNAVAILABLE
2026-09-30T08:20,true,WAIT,WAIT,MATCH,NO_ELIGIBLE_STRATEGY,NO_ELIGIBLE_STRATEGY,MATCH,MATCH,MATCH,MATCH,MATCH,MATCH,0.04,0.18,UNAVAILABLE (live logs quality only for signals),UNAVAILABLE,UNAVAILABLE
2026-09-30T08:25,true,WAIT,WAIT,MATCH,NO_ELIGIBLE_STRATEGY,NO_ELIGIBLE_STRATEGY,MATCH,MATCH,MATCH,MATCH,MATCH,MATCH,0.04,0.18,UNAVAILABLE (live logs quality only for signals),UNAVAILABLE,UNAVAILABLE
2026-09-30T08:30,true,WAIT,WAIT,MATCH,NO_ELIGIBLE_STRATEGY,NO_ELIGIBLE_STRATEGY,MATCH,MATCH,MATCH,MATCH,MATCH,MATCH,0.04,0.18,UNAVAILABLE (live logs quality only for signals),UNAVAILABLE,UNAVAILABLE
2026-09-30T08:35,true,WAIT,WAIT,MATCH,NO_ELIGIBLE_STRATEGY,NO_ELIGIBLE_STRATEGY,MATCH,MATCH,MATCH,MATCH,MATCH,MATCH,0.04,0.18,UNAVAILABLE (live logs quality only for signals),UNAVAILABLE,UNAVAILABLE
2026-09-30T08:40,true,WAIT,WAIT,MATCH,NO_ELIGIBLE_STRATEGY,NO_ELIGIBLE_STRATEGY,MATCH,MATCH,MATCH,MATCH,MATCH,MATCH,0.04,0.18,UNAVAILABLE (live logs quality only for signals),UNAVAILABLE,UNAVAILABLE
2026-09-30T08:45,true,WAIT,WAIT,MATCH,NO_ELIGIBLE_STRATEGY,NO_ELIGIBLE_STRATEGY,MATCH,MATCH,MATCH,MATCH,MATCH,MATCH,0.04,0.18,UNAVAILABLE (live logs quality only for signals),UNAVAILABLE,UNAVAILABLE
2026-09-30T08:50,true,WAIT,WAIT,MATCH,NO_ELIGIBLE_STRATEGY,NO_ELIGIBLE_STRATEGY,MATCH,MATCH,MATCH,MATCH,MATCH,MATCH,0.04,0.18,UNAVAILABLE (live logs quality only for signals),UNAVAILABLE,UNAVAILABLE
2026-09-30T08:55,true,WAIT,WAIT,MATCH,NO_ELIGIBLE_STRATEGY,NO_ELIGIBLE_STRATEGY,MATCH,MATCH,MATCH,MATCH,MATCH,MATCH,0.04,0.18,UNAVAILABLE (live logs quality only for signals),UNAVAILABLE,UNAVAILABLE
2026-09-30T09:00,true,WAIT,WAIT,MATCH,NO_ELIGIBLE_STRATEGY,NO_ELIGIBLE_STRATEGY,MATCH,MATCH,MATCH,MATCH,MATCH,MATCH,0.04,0.18,UNAVAILABLE (live logs quality only for signals),UNAVAILABLE,UNAVAILABLE
2026-09-30T09:05,true,WAIT,WAIT,MATCH,NO_ELIGIBLE_STRATEGY,NO_ELIGIBLE_STRATEGY,MATCH,MATCH,MATCH,MATCH,MATCH,MATCH,0.04,0.18,UNAVAILABLE (live logs quality only for signals),UNAVAILABLE,UNAVAILABLE
2026-09-30T09:10,true,WAIT,WAIT,MATCH,NO_ELIGIBLE_STRATEGY,NO_ELIGIBLE_STRATEGY,MATCH,MATCH,MATCH,MATCH,MATCH,MATCH,0.09,0.04,UNAVAILABLE (live logs quality only for signals),UNAVAILABLE,UNAVAILABLE
2026-09-30T09:15,true,WAIT,WAIT,MATCH,NO_ELIGIBLE_STRATEGY,NO_ELIGIBLE_STRATEGY,MATCH,MATCH,MATCH,MATCH,MATCH,MATCH,0.09,0.04,UNAVAILABLE (live logs quality only for signals),UNAVAILABLE,UNAVAILABLE
2026-09-30T09:20,true,WAIT,WAIT,MATCH,NO_ELIGIBLE_STRATEGY,NO_ELIGIBLE_STRATEGY,MATCH,MATCH,MATCH,MATCH,MATCH,MATCH,0.09,0.04,UNAVAILABLE (live logs quality only for signals),UNAVAILABLE,UNAVAILABLE
2026-09-30T09:25,true,WAIT,WAIT,MATCH,NO_ELIGIBLE_STRATEGY,NO_ELIGIBLE_STRATEGY,MATCH,MATCH,MATCH,MATCH,MATCH,MATCH,0.09,0.04,UNAVAILABLE (live logs quality only for signals),UNAVAILABLE,UNAVAILABLE
2026-09-30T09:30,true,WAIT,WAIT,MATCH,NO_ELIGIBLE_STRATEGY,NO_ELIGIBLE_STRATEGY,MATCH,MATCH,MATCH,MATCH,MATCH,MATCH,0.09,0.04,UNAVAILABLE (live logs quality only for signals),UNAVAILABLE,UNAVAILABLE
2026-09-30T09:35,true,WAIT,WAIT,MATCH,NO_ELIGIBLE_STRATEGY,NO_ELIGIBLE_STRATEGY,MATCH,MATCH,MATCH,MATCH,MATCH,MATCH,0.09,0.04,UNAVAILABLE (live logs quality only for signals),UNAVAILABLE,UNAVAILABLE
2026-09-30T09:40,true,WAIT,WAIT,MATCH,NO_ELIGIBLE_STRATEGY,NO_ELIGIBLE_STRATEGY,MATCH,MATCH,MATCH,MATCH,MATCH,MATCH,0.09,0.04,UNAVAILABLE (live logs quality only for signals),UNAVAILABLE,UNAVAILABLE
2026-09-30T09:45,true,WAIT,WAIT,MATCH,NO_ELIGIBLE_STRATEGY,NO_ELIGIBLE_STRATEGY,MATCH,MATCH,MATCH,MATCH,MATCH,MATCH,0.09,0.04,UNAVAILABLE (live logs quality only for signals),UNAVAILABLE,UNAVAILABLE
2026-09-30T09:50,true,WAIT,WAIT,MATCH,NO_ELIGIBLE_STRATEGY,NO_ELIGIBLE_STRATEGY,MATCH,MATCH,MATCH,MATCH,MATCH,MATCH,0.09,0.04,UNAVAILABLE (live logs quality only for signals),UNAVAILABLE,UNAVAILABLE
2026-09-30T09:55,true,WAIT,WAIT,MATCH,RR_NOT_ACCEPTABLE,RR_NOT_ACCEPTABLE,MATCH,MATCH,MATCH,MATCH,MATCH,MATCH,0.09,0.04,UNAVAILABLE (live logs quality only for signals),UNAVAILABLE,UNAVAILABLE
2026-09-30T10:00,true,WAIT,WAIT,MATCH,ENTRY_CONFLICT,ENTRY_CONFLICT,MATCH,MATCH,MATCH,MATCH,MATCH,MATCH,0.09,0.04,UNAVAILABLE (live logs quality only for signals),UNAVAILABLE,UNAVAILABLE
2026-09-30T10:05,true,WAIT,WAIT,MATCH,NO_ELIGIBLE_STRATEGY,NO_ELIGIBLE_STRATEGY,MATCH,MATCH,MATCH,MATCH,MATCH,MATCH,0.09,0.04,UNAVAILABLE (live logs quality only for signals),UNAVAILABLE,UNAVAILABLE
2026-09-30T10:10,true,WAIT,WAIT,MATCH,NO_ELIGIBLE_STRATEGY,NO_ELIGIBLE_STRATEGY,MATCH,MISMATCH,MATCH,MATCH,MATCH,MATCH,0.09,0.04,UNAVAILABLE (live logs quality only for signals),UNAVAILABLE,UNAVAILABLE
2026-09-30T10:15,true,WAIT,WAIT,MATCH,NO_ELIGIBLE_STRATEGY,NO_ELIGIBLE_STRATEGY,MATCH,MATCH,MATCH,MATCH,MATCH,MATCH,0.09,0.04,UNAVAILABLE (live logs quality only for signals),UNAVAILABLE,UNAVAILABLE
2026-09-30T10:20,true,WAIT,WAIT,MATCH,NO_ELIGIBLE_STRATEGY,NO_ELIGIBLE_STRATEGY,MATCH,MISMATCH,MATCH,MATCH,MATCH,MATCH,0.09,0.04,UNAVAILABLE (live logs quality only for signals),UNAVAILABLE,UNAVAILABLE
2026-09-30T10:25,true,WAIT,WAIT,MATCH,NO_ELIGIBLE_STRATEGY,NO_ELIGIBLE_STRATEGY,MATCH,MATCH,MATCH,MATCH,MATCH,MATCH,0.09,0.04,UNAVAILABLE (live logs quality only for signals),UNAVAILABLE,UNAVAILABLE
2026-09-30T10:30,true,WAIT,WAIT,MATCH,NO_ELIGIBLE_STRATEGY,NO_ELIGIBLE_STRATEGY,MATCH,MATCH,MATCH,MATCH,MATCH,MATCH,0.09,0.04,UNAVAILABLE (live logs quality only for signals),UNAVAILABLE,UNAVAILABLE
2026-09-30T10:35,true,WAIT,WAIT,MATCH,NO_ELIGIBLE_STRATEGY,NO_ELIGIBLE_STRATEGY,MATCH,MATCH,MATCH,MATCH,MATCH,MATCH,0.09,0.04,UNAVAILABLE (live logs quality only for signals),UNAVAILABLE,UNAVAILABLE
2026-09-30T10:40,true,WAIT,WAIT,MATCH,NO_ELIGIBLE_STRATEGY,NO_ELIGIBLE_STRATEGY,MATCH,MATCH,MATCH,MATCH,MATCH,MATCH,0.09,0.04,UNAVAILABLE (live logs quality only for signals),UNAVAILABLE,UNAVAILABLE
2026-09-30T10:45,true,WAIT,WAIT,MATCH,NO_ELIGIBLE_STRATEGY,NO_ELIGIBLE_STRATEGY,MATCH,MATCH,MATCH,MATCH,MATCH,MATCH,0.09,0.04,UNAVAILABLE (live logs quality only for signals),UNAVAILABLE,UNAVAILABLE
2026-09-30T10:50,true,WAIT,WAIT,MATCH,NO_ELIGIBLE_STRATEGY,NO_ELIGIBLE_STRATEGY,MATCH,MATCH,MATCH,MATCH,MATCH,MATCH,0.09,0.04,UNAVAILABLE (live logs quality only for signals),UNAVAILABLE,UNAVAILABLE
2026-09-30T10:55,true,WAIT,WAIT,MATCH,NO_ELIGIBLE_STRATEGY,NO_ELIGIBLE_STRATEGY,MATCH,MATCH,MATCH,MATCH,MATCH,MATCH,0.09,0.04,UNAVAILABLE (live logs quality only for signals),UNAVAILABLE,UNAVAILABLE
2026-09-30T11:00,true,WAIT,WAIT,MATCH,NO_ELIGIBLE_STRATEGY,NO_ELIGIBLE_STRATEGY,MATCH,MATCH,MATCH,MATCH,MATCH,MATCH,0.09,0.04,UNAVAILABLE (live logs quality only for signals),UNAVAILABLE,UNAVAILABLE
2026-09-30T11:05,true,WAIT,WAIT,MATCH,NO_ELIGIBLE_STRATEGY,NO_ELIGIBLE_STRATEGY,MATCH,MISMATCH,MATCH,MATCH,MATCH,MATCH,0.09,0.12,UNAVAILABLE (live logs quality only for signals),UNAVAILABLE,UNAVAILABLE
2026-09-30T11:10,true,WAIT,WAIT,MATCH,NO_ELIGIBLE_STRATEGY,NO_ELIGIBLE_STRATEGY,MATCH,MATCH,MATCH,MATCH,MATCH,MATCH,0.09,0.12,UNAVAILABLE (live logs quality only for signals),UNAVAILABLE,UNAVAILABLE
2026-09-30T11:15,true,WAIT,WAIT,MATCH,NO_ELIGIBLE_STRATEGY,NO_ELIGIBLE_STRATEGY,MATCH,MATCH,MATCH,MATCH,MATCH,MATCH,0.09,0.12,UNAVAILABLE (live logs quality only for signals),UNAVAILABLE,UNAVAILABLE
2026-09-30T11:20,true,WAIT,WAIT,MATCH,ENTRY_CONFLICT,ENTRY_CONFLICT,MATCH,MATCH,MATCH,MATCH,MATCH,MATCH,0.09,0.12,UNAVAILABLE (live logs quality only for signals),UNAVAILABLE,UNAVAILABLE
2026-09-30T11:25,true,WAIT,WAIT,MATCH,NO_ELIGIBLE_STRATEGY,NO_ELIGIBLE_STRATEGY,MATCH,MATCH,MATCH,MATCH,MATCH,MATCH,0.09,0.12,UNAVAILABLE (live logs quality only for signals),UNAVAILABLE,UNAVAILABLE
2026-09-30T11:30,true,WAIT,WAIT,MATCH,NO_ELIGIBLE_STRATEGY,NO_ELIGIBLE_STRATEGY,MATCH,MATCH,MATCH,MATCH,MATCH,MISMATCH,0.09,0.12,UNAVAILABLE (live logs quality only for signals),UNAVAILABLE,UNAVAILABLE
2026-09-30T11:35,true,WAIT,WAIT,MATCH,NO_ELIGIBLE_STRATEGY,NO_ELIGIBLE_STRATEGY,MATCH,MATCH,MATCH,MATCH,MATCH,MATCH,0.09,0.12,UNAVAILABLE (live logs quality only for signals),UNAVAILABLE,UNAVAILABLE
2026-09-30T11:40,true,WAIT,WAIT,MATCH,NO_ELIGIBLE_STRATEGY,NO_ELIGIBLE_STRATEGY,MATCH,MATCH,MATCH,MATCH,MATCH,MATCH,0.09,0.12,UNAVAILABLE (live logs quality only for signals),UNAVAILABLE,UNAVAILABLE
2026-09-30T11:45,true,WAIT,WAIT,MATCH,NO_ELIGIBLE_STRATEGY,NO_ELIGIBLE_STRATEGY,MATCH,MATCH,MATCH,MATCH,MATCH,MATCH,0.09,0.12,UNAVAILABLE (live logs quality only for signals),UNAVAILABLE,UNAVAILABLE
2026-09-30T11:50,true,WAIT,WAIT,MATCH,NO_ELIGIBLE_STRATEGY,NO_ELIGIBLE_STRATEGY,MATCH,MATCH,MATCH,MATCH,MATCH,MATCH,0.09,0.12,UNAVAILABLE (live logs quality only for signals),UNAVAILABLE,UNAVAILABLE
2026-09-30T11:55,true,WAIT,WAIT,MATCH,NO_ELIGIBLE_STRATEGY,NO_ELIGIBLE_STRATEGY,MATCH,MATCH,MATCH,MATCH,MATCH,MATCH,0.09,0.12,UNAVAILABLE (live logs quality only for signals),UNAVAILABLE,UNAVAILABLE
2026-09-30T12:00,true,WAIT,WAIT,MATCH,NO_ELIGIBLE_STRATEGY,NO_ELIGIBLE_STRATEGY,MATCH,MATCH,MATCH,MATCH,MATCH,MATCH,0.02,0.12,UNAVAILABLE (live logs quality only for signals),UNAVAILABLE,UNAVAILABLE
2026-09-30T12:05,true,WAIT,WAIT,MATCH,NO_ELIGIBLE_STRATEGY,NO_ELIGIBLE_STRATEGY,MATCH,MATCH,MATCH,MATCH,MATCH,MATCH,0.02,0.12,UNAVAILABLE (live logs quality only for signals),UNAVAILABLE,UNAVAILABLE
2026-09-30T12:10,true,WAIT,WAIT,MATCH,NO_ELIGIBLE_STRATEGY,NO_ELIGIBLE_STRATEGY,MATCH,MATCH,MATCH,MATCH,MATCH,MATCH,0.06,0.02,UNAVAILABLE (live logs quality only for signals),UNAVAILABLE,UNAVAILABLE
2026-09-30T12:15,true,WAIT,WAIT,MATCH,NO_ELIGIBLE_STRATEGY,NO_ELIGIBLE_STRATEGY,MATCH,MATCH,MATCH,MATCH,MATCH,MATCH,0.06,0.02,UNAVAILABLE (live logs quality only for signals),UNAVAILABLE,UNAVAILABLE
2026-09-30T12:20,true,WAIT,WAIT,MATCH,RR_NOT_ACCEPTABLE,RR_NOT_ACCEPTABLE,MATCH,MISMATCH,MATCH,MATCH,MATCH,MATCH,0.06,0.02,UNAVAILABLE (live logs quality only for signals),UNAVAILABLE,UNAVAILABLE
2026-09-30T12:25,true,BUY,BUY,MATCH,,,MATCH,MATCH,MATCH,MATCH,MATCH,MATCH,,,83 vs 82,2 vs 2,4193.22 vs 4193.31
2026-09-30T12:30,true,WAIT,WAIT,MATCH,OVEREXTENDED,OVEREXTENDED,MATCH,MATCH,MATCH,MATCH,MATCH,MATCH,0.06,0.02,UNAVAILABLE (live logs quality only for signals),UNAVAILABLE,UNAVAILABLE
2026-09-30T12:35,true,WAIT,WAIT,MATCH,NO_GOOD_ENTRY,NO_GOOD_ENTRY,MATCH,MATCH,MATCH,MATCH,MATCH,MATCH,0.06,0.02,UNAVAILABLE (live logs quality only for signals),UNAVAILABLE,UNAVAILABLE
2026-09-30T12:40,true,WAIT,WAIT,MATCH,OVEREXTENDED,OVEREXTENDED,MATCH,MATCH,MATCH,MATCH,MATCH,MATCH,0.06,0.02,UNAVAILABLE (live logs quality only for signals),UNAVAILABLE,UNAVAILABLE
2026-09-30T12:45,true,WAIT,WAIT,MATCH,NO_GOOD_ENTRY,NO_GOOD_ENTRY,MATCH,MATCH,MATCH,MATCH,MATCH,MATCH,0.11,0.02,UNAVAILABLE (live logs quality only for signals),UNAVAILABLE,UNAVAILABLE
2026-09-30T12:50,true,WAIT,WAIT,MATCH,OVEREXTENDED,OVEREXTENDED,MATCH,MATCH,MATCH,MATCH,MATCH,MATCH,0.11,0.02,UNAVAILABLE (live logs quality only for signals),UNAVAILABLE,UNAVAILABLE
2026-09-30T12:55,true,WAIT,WAIT,MATCH,NO_GOOD_ENTRY,NO_GOOD_ENTRY,MATCH,MATCH,MATCH,MATCH,MATCH,MATCH,0.11,0.02,UNAVAILABLE (live logs quality only for signals),UNAVAILABLE,UNAVAILABLE
2026-09-30T13:00,true,WAIT,WAIT,MATCH,NO_GOOD_ENTRY,NO_GOOD_ENTRY,MATCH,MATCH,MATCH,MATCH,MATCH,MATCH,0.11,0.02,UNAVAILABLE (live logs quality only for signals),UNAVAILABLE,UNAVAILABLE
2026-09-30T13:05,true,WAIT,WAIT,MATCH,NO_ELIGIBLE_STRATEGY,NO_ELIGIBLE_STRATEGY,MATCH,MATCH,MATCH,MATCH,MATCH,MATCH,0.11,0.02,UNAVAILABLE (live logs quality only for signals),UNAVAILABLE,UNAVAILABLE
2026-09-30T13:10,true,WAIT,WAIT,MATCH,NO_ELIGIBLE_STRATEGY,NO_ELIGIBLE_STRATEGY,MATCH,MATCH,MATCH,MATCH,MATCH,MATCH,0.11,0.02,UNAVAILABLE (live logs quality only for signals),UNAVAILABLE,UNAVAILABLE
2026-09-30T13:15,true,WAIT,WAIT,MATCH,NO_ELIGIBLE_STRATEGY,NO_ELIGIBLE_STRATEGY,MATCH,MATCH,MATCH,MATCH,MATCH,MATCH,0.11,0.02,UNAVAILABLE (live logs quality only for signals),UNAVAILABLE,UNAVAILABLE
2026-09-30T13:20,true,WAIT,WAIT,MATCH,NO_ELIGIBLE_STRATEGY,NO_ELIGIBLE_STRATEGY,MATCH,MATCH,MATCH,MATCH,MATCH,MATCH,0.11,0.02,UNAVAILABLE (live logs quality only for signals),UNAVAILABLE,UNAVAILABLE
2026-09-30T13:25,true,WAIT,WAIT,MATCH,NO_ELIGIBLE_STRATEGY,NO_ELIGIBLE_STRATEGY,MATCH,MATCH,MATCH,MATCH,MATCH,MATCH,0.11,0.02,UNAVAILABLE (live logs quality only for signals),UNAVAILABLE,UNAVAILABLE
2026-09-30T13:30,true,WAIT,WAIT,MATCH,NO_ELIGIBLE_STRATEGY,NO_ELIGIBLE_STRATEGY,MATCH,MATCH,MATCH,MATCH,MATCH,MATCH,0.11,0.02,UNAVAILABLE (live logs quality only for signals),UNAVAILABLE,UNAVAILABLE
2026-09-30T13:35,true,WAIT,WAIT,MATCH,NO_ELIGIBLE_STRATEGY,NO_ELIGIBLE_STRATEGY,MATCH,MATCH,MATCH,MATCH,MATCH,MATCH,0.11,0.02,UNAVAILABLE (live logs quality only for signals),UNAVAILABLE,UNAVAILABLE
2026-09-30T13:40,true,WAIT,WAIT,MATCH,NO_ELIGIBLE_STRATEGY,NO_ELIGIBLE_STRATEGY,MATCH,MATCH,MATCH,MATCH,MATCH,MATCH,0.11,0.02,UNAVAILABLE (live logs quality only for signals),UNAVAILABLE,UNAVAILABLE
2026-09-30T13:45,true,WAIT,WAIT,MATCH,NO_ELIGIBLE_STRATEGY,NO_ELIGIBLE_STRATEGY,MATCH,MATCH,MATCH,MATCH,MATCH,MATCH,0.09,0.11,UNAVAILABLE (live logs quality only for signals),UNAVAILABLE,UNAVAILABLE
2026-09-30T13:50,true,WAIT,WAIT,MATCH,RR_NOT_ACCEPTABLE,RR_NOT_ACCEPTABLE,MATCH,MATCH,MATCH,MATCH,MATCH,MATCH,0.09,0.11,UNAVAILABLE (live logs quality only for signals),UNAVAILABLE,UNAVAILABLE
2026-09-30T13:55,false,NOT_PROCESSED,WAIT,LIVE_NOT_PROCESSED,FEED_STALL_CANDLE_READ_FAILED,RR_NOT_ACCEPTABLE,UNAVAILABLE,UNAVAILABLE,UNAVAILABLE,UNAVAILABLE,UNAVAILABLE,UNAVAILABLE,,,UNAVAILABLE (live logs quality only for signals),UNAVAILABLE,UNAVAILABLE
2026-09-30T14:00,false,NOT_PROCESSED,WAIT,LIVE_NOT_PROCESSED,FEED_STALL_CANDLE_READ_FAILED,NO_GOOD_ENTRY,UNAVAILABLE,UNAVAILABLE,UNAVAILABLE,UNAVAILABLE,UNAVAILABLE,UNAVAILABLE,,,UNAVAILABLE (live logs quality only for signals),UNAVAILABLE,UNAVAILABLE
2026-09-30T14:05,false,NOT_PROCESSED,WAIT,LIVE_NOT_PROCESSED,FEED_STALL_CANDLE_READ_FAILED,RR_NOT_ACCEPTABLE,UNAVAILABLE,UNAVAILABLE,UNAVAILABLE,UNAVAILABLE,UNAVAILABLE,UNAVAILABLE,,,UNAVAILABLE (live logs quality only for signals),UNAVAILABLE,UNAVAILABLE
2026-09-30T14:10,false,NOT_PROCESSED,WAIT,LIVE_NOT_PROCESSED,FEED_STALL_CANDLE_READ_FAILED,NO_GOOD_ENTRY,UNAVAILABLE,UNAVAILABLE,UNAVAILABLE,UNAVAILABLE,UNAVAILABLE,UNAVAILABLE,,,UNAVAILABLE (live logs quality only for signals),UNAVAILABLE,UNAVAILABLE
2026-09-30T14:15,true,WAIT,WAIT,MATCH,RR_NOT_ACCEPTABLE,RR_NOT_ACCEPTABLE,MATCH,MATCH,MATCH,MATCH,MATCH,MATCH,0.09,0.11,UNAVAILABLE (live logs quality only for signals),UNAVAILABLE,UNAVAILABLE
2026-09-30T14:20,true,WAIT,WAIT,MATCH,NO_GOOD_ENTRY,NO_GOOD_ENTRY,MATCH,MATCH,MATCH,MATCH,MATCH,MATCH,0.09,0.11,UNAVAILABLE (live logs quality only for signals),UNAVAILABLE,UNAVAILABLE
2026-09-30T14:25,true,WAIT,WAIT,MATCH,insufficient/invalid market data,NO_GOOD_ENTRY,LIVE_DATA_UNAVAILABLE,MATCH,MATCH,MATCH,MATCH,LIVE_UNAVAILABLE,,,UNAVAILABLE (live logs quality only for signals),UNAVAILABLE,UNAVAILABLE
2026-09-30T14:30,true,WAIT,WAIT,MATCH,NO_GOOD_ENTRY,NO_GOOD_ENTRY,MATCH,MATCH,MATCH,MATCH,MATCH,MATCH,0.09,0.11,UNAVAILABLE (live logs quality only for signals),UNAVAILABLE,UNAVAILABLE
2026-09-30T14:35,true,WAIT,WAIT,MATCH,RR_NOT_ACCEPTABLE,NO_GOOD_ENTRY,MISMATCH,MATCH,MATCH,MATCH,MATCH,MATCH,0.09,0.11,UNAVAILABLE (live logs quality only for signals),UNAVAILABLE,UNAVAILABLE
2026-09-30T14:40,true,WAIT,WAIT,MATCH,NO_ELIGIBLE_STRATEGY,NO_ELIGIBLE_STRATEGY,MATCH,MATCH,MATCH,MATCH,MATCH,MATCH,0.09,0.11,UNAVAILABLE (live logs quality only for signals),UNAVAILABLE,UNAVAILABLE
2026-09-30T14:45,true,WAIT,WAIT,MATCH,NO_ELIGIBLE_STRATEGY,NO_ELIGIBLE_STRATEGY,MATCH,MATCH,MATCH,MATCH,MATCH,MATCH,0.09,0.11,UNAVAILABLE (live logs quality only for signals),UNAVAILABLE,UNAVAILABLE
2026-09-30T14:50,true,WAIT,WAIT,MATCH,insufficient/invalid market data,NO_ELIGIBLE_STRATEGY,LIVE_DATA_UNAVAILABLE,MATCH,MATCH,MATCH,MISMATCH,MATCH,,,UNAVAILABLE (live logs quality only for signals),UNAVAILABLE,UNAVAILABLE
2026-09-30T14:55,true,WAIT,WAIT,MATCH,NO_ELIGIBLE_STRATEGY,NO_ELIGIBLE_STRATEGY,MATCH,MATCH,MATCH,MATCH,MATCH,MATCH,0.09,0.11,UNAVAILABLE (live logs quality only for signals),UNAVAILABLE,UNAVAILABLE
2026-09-30T15:00,true,WAIT,WAIT,MATCH,NO_ELIGIBLE_STRATEGY,NO_ELIGIBLE_STRATEGY,MATCH,MATCH,MATCH,MATCH,MATCH,MATCH,0.09,0.11,UNAVAILABLE (live logs quality only for signals),UNAVAILABLE,UNAVAILABLE
2026-09-30T15:05,true,WAIT,WAIT,MATCH,NO_ELIGIBLE_STRATEGY,NO_ELIGIBLE_STRATEGY,MATCH,MATCH,MATCH,MATCH,MATCH,MATCH,0.09,0.11,UNAVAILABLE (live logs quality only for signals),UNAVAILABLE,UNAVAILABLE
2026-09-30T15:10,true,WAIT,WAIT,MATCH,NO_ELIGIBLE_STRATEGY,NO_ELIGIBLE_STRATEGY,MATCH,MATCH,MATCH,MATCH,MATCH,MATCH,0.09,0.11,UNAVAILABLE (live logs quality only for signals),UNAVAILABLE,UNAVAILABLE
2026-09-30T15:15,true,WAIT,WAIT,MATCH,NO_ELIGIBLE_STRATEGY,NO_ELIGIBLE_STRATEGY,MATCH,MATCH,MATCH,MATCH,MATCH,MATCH,0.04,0.11,UNAVAILABLE (live logs quality only for signals),UNAVAILABLE,UNAVAILABLE
2026-09-30T15:20,true,WAIT,WAIT,MATCH,NO_ELIGIBLE_STRATEGY,NO_ELIGIBLE_STRATEGY,MATCH,MATCH,MATCH,MATCH,MATCH,MATCH,0.04,0.11,UNAVAILABLE (live logs quality only for signals),UNAVAILABLE,UNAVAILABLE
2026-09-30T15:25,true,WAIT,WAIT,MATCH,NO_ELIGIBLE_STRATEGY,NO_ELIGIBLE_STRATEGY,MATCH,MATCH,MATCH,MATCH,MATCH,MATCH,0.04,0.11,UNAVAILABLE (live logs quality only for signals),UNAVAILABLE,UNAVAILABLE
2026-09-30T15:30,true,WAIT,WAIT,MATCH,NO_ELIGIBLE_STRATEGY,NO_ELIGIBLE_STRATEGY,MATCH,MATCH,MATCH,MATCH,MATCH,MATCH,0.04,0.11,UNAVAILABLE (live logs quality only for signals),UNAVAILABLE,UNAVAILABLE
2026-09-30T15:35,true,WAIT,WAIT,MATCH,NO_ELIGIBLE_STRATEGY,NO_ELIGIBLE_STRATEGY,MATCH,MATCH,MATCH,MATCH,MATCH,MATCH,0.04,0.11,UNAVAILABLE (live logs quality only for signals),UNAVAILABLE,UNAVAILABLE
2026-09-30T15:40,true,WAIT,WAIT,MATCH,NO_ELIGIBLE_STRATEGY,NO_ELIGIBLE_STRATEGY,MATCH,MATCH,MATCH,MATCH,MATCH,MATCH,0.04,0.11,UNAVAILABLE (live logs quality only for signals),UNAVAILABLE,UNAVAILABLE
2026-09-30T15:45,true,WAIT,WAIT,MATCH,NO_ELIGIBLE_STRATEGY,NO_ELIGIBLE_STRATEGY,MATCH,MATCH,MATCH,MATCH,MATCH,MATCH,0.04,0.11,UNAVAILABLE (live logs quality only for signals),UNAVAILABLE,UNAVAILABLE
2026-09-30T15:50,true,WAIT,WAIT,MATCH,NO_ELIGIBLE_STRATEGY,NO_ELIGIBLE_STRATEGY,MATCH,MATCH,MATCH,MATCH,MATCH,MATCH,0.04,0.11,UNAVAILABLE (live logs quality only for signals),UNAVAILABLE,UNAVAILABLE
2026-09-30T15:55,true,WAIT,WAIT,MATCH,NO_ELIGIBLE_STRATEGY,NO_ELIGIBLE_STRATEGY,MATCH,MATCH,MATCH,MATCH,MATCH,MATCH,0.04,0.11,UNAVAILABLE (live logs quality only for signals),UNAVAILABLE,UNAVAILABLE
2026-09-30T16:00,true,WAIT,WAIT,MATCH,NO_ELIGIBLE_STRATEGY,NO_ELIGIBLE_STRATEGY,MATCH,MATCH,MATCH,MATCH,MATCH,MATCH,0.04,0.11,UNAVAILABLE (live logs quality only for signals),UNAVAILABLE,UNAVAILABLE
2026-09-30T16:05,true,WAIT,WAIT,MATCH,NO_ELIGIBLE_STRATEGY,NO_ELIGIBLE_STRATEGY,MATCH,MATCH,MATCH,MATCH,MATCH,MATCH,0.04,0.11,UNAVAILABLE (live logs quality only for signals),UNAVAILABLE,UNAVAILABLE
2026-09-30T16:10,true,WAIT,WAIT,MATCH,NO_ELIGIBLE_STRATEGY,NO_ELIGIBLE_STRATEGY,MATCH,MATCH,MATCH,MATCH,MATCH,MATCH,0.04,0.11,UNAVAILABLE (live logs quality only for signals),UNAVAILABLE,UNAVAILABLE
2026-09-30T16:15,true,WAIT,WAIT,MATCH,NO_ELIGIBLE_STRATEGY,NO_ELIGIBLE_STRATEGY,MATCH,MATCH,MATCH,MATCH,MATCH,MATCH,0.04,0.11,UNAVAILABLE (live logs quality only for signals),UNAVAILABLE,UNAVAILABLE
2026-09-30T16:20,true,WAIT,WAIT,MATCH,NO_ELIGIBLE_STRATEGY,NO_ELIGIBLE_STRATEGY,MATCH,MATCH,MATCH,MATCH,MATCH,MATCH,0.04,0.11,UNAVAILABLE (live logs quality only for signals),UNAVAILABLE,UNAVAILABLE
2026-09-30T16:25,true,WAIT,WAIT,MATCH,NO_ELIGIBLE_STRATEGY,NO_ELIGIBLE_STRATEGY,MATCH,MATCH,MATCH,MATCH,MATCH,MATCH,0.04,0.11,UNAVAILABLE (live logs quality only for signals),UNAVAILABLE,UNAVAILABLE
2026-09-30T16:30,true,WAIT,WAIT,MATCH,NO_ELIGIBLE_STRATEGY,NO_ELIGIBLE_STRATEGY,MATCH,MATCH,MATCH,MATCH,MATCH,MATCH,0.04,0.11,UNAVAILABLE (live logs quality only for signals),UNAVAILABLE,UNAVAILABLE
2026-09-30T16:35,true,WAIT,WAIT,MATCH,NO_ELIGIBLE_STRATEGY,NO_ELIGIBLE_STRATEGY,MATCH,MATCH,MATCH,MATCH,MATCH,MATCH,0.04,0.11,UNAVAILABLE (live logs quality only for signals),UNAVAILABLE,UNAVAILABLE