utc,ist,processed,observed_at,delay_s,action,reason,regime5,structure5,event,regime15_ref,regime30_ref,status30_ref,location_price,invalidation_level,anchor_price,dist_atr,pre_entry,model_code,waiting_for,news,shock,blocking,block_reasons,executor_reached,executor_result,broker_reached
2026-09-30T07:30,13:00,true,2026-09-30T07:36:22.207Z,82,WAIT,NO_ELIGIBLE_STRATEGY,BULL_TREND,BULLISH,BOS,TRANSITION,COMPRESSION,OK,4184.905,4178.895,4178.895,2.24,RETEST_PENDING,,a confirmed retest of the breakout level,NORMAL,INSUFFICIENT_DATA,false,,false,EXECUTOR_NOT_REACHED_BECAUSE_NO_FINAL_SIGNAL,NO
2026-09-30T07:35,13:05,true,2026-09-30T07:41:22.666Z,82,WAIT,NO_ELIGIBLE_STRATEGY,BULL_TREND,BULLISH,BOS,TRANSITION,COMPRESSION,OK,4184.905,4178.895,4178.895,2.69,MISSED,,a fresh setup with new valid entry geometry (this anchor's entry window has passed),NORMAL,NORMAL,false,,false,EXECUTOR_NOT_REACHED_BECAUSE_NO_FINAL_SIGNAL,NO
2026-09-30T07:40,13:10,true,2026-09-30T07:46:22.855Z,82,WAIT,NO_ELIGIBLE_STRATEGY,BULL_TREND,BULLISH,BOS,BULL_TREND,COMPRESSION,OK,4184.905,4178.895,4178.895,1.54,RETEST_PENDING,,a confirmed retest of the breakout level,NORMAL,NORMAL,false,,false,EXECUTOR_NOT_REACHED_BECAUSE_NO_FINAL_SIGNAL,NO
2026-09-30T07:45,13:15,true,2026-09-30T07:51:22.800Z,82,WAIT,NO_ELIGIBLE_STRATEGY,BULL_TREND,BULLISH,BOS,BULL_TREND,COMPRESSION,OK,4184.905,4178.895,4178.895,2.35,DEVELOPING,,"a model trigger within regime-eligible families: trend_continuation, pullback_continuation, trend_pullback_confirmation, momentum_continuation, breakout, breakout_retest, structure_break_continuation, sr_reaction, rejection_reclaim",NORMAL,NORMAL,false,,false,EXECUTOR_NOT_REACHED_BECAUSE_NO_FINAL_SIGNAL,NO
2026-09-30T07:50,13:20,true,2026-09-30T07:56:23.036Z,83,WAIT,NO_ELIGIBLE_STRATEGY,BULL_TREND,BULLISH,BOS,BULL_TREND,COMPRESSION,OK,4184.905,4178.895,4178.895,2.36,DEVELOPING,,"a model trigger within regime-eligible families: trend_continuation, pullback_continuation, trend_pullback_confirmation, momentum_continuation, breakout, breakout_retest, structure_break_continuation, sr_reaction, rejection_reclaim",NORMAL,NORMAL,false,,false,EXECUTOR_NOT_REACHED_BECAUSE_NO_FINAL_SIGNAL,NO
2026-09-30T07:55,13:25,true,2026-09-30T08:01:22.421Z,82,WAIT,NO_ELIGIBLE_STRATEGY,BULL_TREND,BULLISH,BOS,BULL_TREND,COMPRESSION,OK,4184.905,4178.895,4178.895,1.94,DEVELOPING,,"a model trigger within regime-eligible families: trend_continuation, pullback_continuation, trend_pullback_confirmation, momentum_continuation, breakout, breakout_retest, structure_break_continuation, sr_reaction, rejection_reclaim",NORMAL,NORMAL,false,,false,EXECUTOR_NOT_REACHED_BECAUSE_NO_FINAL_SIGNAL,NO
2026-09-30T08:00,13:30,true,2026-09-30T08:06:33.485Z,93,WAIT,NO_ELIGIBLE_STRATEGY,BULL_TREND,BULLISH,BOS,BULL_TREND,COMPRESSION,OK,4184.905,4178.895,4178.895,2.14,DEVELOPING,,"a model trigger within regime-eligible families: trend_continuation, pullback_continuation, trend_pullback_confirmation, momentum_continuation, breakout, breakout_retest, structure_break_continuation, sr_reaction, rejection_reclaim",NORMAL,NORMAL,false,,false,EXECUTOR_NOT_REACHED_BECAUSE_NO_FINAL_SIGNAL,NO
2026-09-30T08:05,13:35,true,2026-09-30T08:11:22.850Z,82,WAIT,NO_ELIGIBLE_STRATEGY,BULL_TREND,BULLISH,BOS,BULL_TREND,COMPRESSION,OK,4184.905,4178.895,4178.895,2.53,MISSED,,a fresh setup with new valid entry geometry (this anchor's entry window has passed),NORMAL,NORMAL,false,,false,EXECUTOR_NOT_REACHED_BECAUSE_NO_FINAL_SIGNAL,NO
2026-09-30T08:10,13:40,true,2026-09-30T08:16:22.662Z,82,WAIT,NO_ELIGIBLE_STRATEGY,BULL_TREND,BULLISH,BOS,BULL_TREND,COMPRESSION,OK,4184.905,4191.225,4191.225,2.35,DEVELOPING,,"a model trigger within regime-eligible families: trend_continuation, pullback_continuation, trend_pullback_confirmation, momentum_continuation, breakout, breakout_retest, structure_break_continuation, sr_reaction, rejection_reclaim",NORMAL,NORMAL,false,,false,EXECUTOR_NOT_REACHED_BECAUSE_NO_FINAL_SIGNAL,NO
2026-09-30T08:15,13:45,true,2026-09-30T08:21:22.595Z,82,WAIT,NO_ELIGIBLE_STRATEGY,BULL_TREND,BULLISH,BOS,BULL_TREND,COMPRESSION,OK,4184.905,4191.225,4191.225,2.9,MISSED,,a fresh setup with new valid entry geometry (this anchor's entry window has passed),NORMAL,NORMAL,false,,false,EXECUTOR_NOT_REACHED_BECAUSE_NO_FINAL_SIGNAL,NO
2026-09-30T08:20,13:50,true,2026-09-30T08:26:23.007Z,83,WAIT,NO_ELIGIBLE_STRATEGY,BULL_TREND,BULLISH,BOS,BULL_TREND,COMPRESSION,OK,4184.905,4191.225,4191.225,3.6,MISSED,,a fresh setup with new valid entry geometry (this anchor's entry window has passed),NORMAL,NORMAL,false,,false,EXECUTOR_NOT_REACHED_BECAUSE_NO_FINAL_SIGNAL,NO
2026-09-30T08:25,13:55,true,2026-09-30T08:31:24.092Z,84,WAIT,NO_ELIGIBLE_STRATEGY,BULL_TREND,BULLISH,BOS,BULL_TREND,COMPRESSION,OK,4184.905,4191.225,4191.225,3.36,MISSED,,a fresh setup with new valid entry geometry (this anchor's entry window has passed),NORMAL,NORMAL,false,,false,EXECUTOR_NOT_REACHED_BECAUSE_NO_FINAL_SIGNAL,NO
2026-09-30T08:30,14:00,true,2026-09-30T08:36:22.805Z,82,WAIT,NO_ELIGIBLE_STRATEGY,BULL_TREND,BULLISH,BOS,BULL_TREND,COMPRESSION,OK,4184.905,4191.225,4191.225,3.74,MISSED,,a fresh setup with new valid entry geometry (this anchor's entry window has passed),NORMAL,NORMAL,false,,false,EXECUTOR_NOT_REACHED_BECAUSE_NO_FINAL_SIGNAL,NO
2026-09-30T08:35,14:05,true,2026-09-30T08:41:22.958Z,82,WAIT,NO_ELIGIBLE_STRATEGY,BULL_TREND,BULLISH,BOS,BULL_TREND,COMPRESSION,OK,4184.905,4191.225,4191.225,4,MISSED,,a fresh setup with new valid entry geometry (this anchor's entry window has passed),NORMAL,NORMAL,false,,false,EXECUTOR_NOT_REACHED_BECAUSE_NO_FINAL_SIGNAL,NO
2026-09-30T08:40,14:10,true,2026-09-30T08:46:22.616Z,82,WAIT,NO_ELIGIBLE_STRATEGY,BULL_TREND,BULLISH,BOS,BULL_TREND,COMPRESSION,OK,4184.905,4191.225,4191.225,3.23,MISSED,,a fresh setup with new valid entry geometry (this anchor's entry window has passed),NORMAL,NORMAL,false,,false,EXECUTOR_NOT_REACHED_BECAUSE_NO_FINAL_SIGNAL,NO
2026-09-30T08:45,14:15,true,2026-09-30T08:51:23.247Z,83,WAIT,NO_ELIGIBLE_STRATEGY,BULL_TREND,BULLISH,BOS,BULL_TREND,COMPRESSION,OK,4184.905,4191.225,4191.225,3.13,MISSED,,a fresh setup with new valid entry geometry (this anchor's entry window has passed),NORMAL,NORMAL,false,,false,EXECUTOR_NOT_REACHED_BECAUSE_NO_FINAL_SIGNAL,NO
2026-09-30T08:50,14:20,true,2026-09-30T08:56:23.210Z,83,WAIT,NO_ELIGIBLE_STRATEGY,BULL_TREND,BULLISH,BOS,BULL_TREND,COMPRESSION,OK,4184.905,4191.225,4191.225,2.42,DEVELOPING,,"a model trigger within regime-eligible families: trend_continuation, pullback_continuation, trend_pullback_confirmation, momentum_continuation, breakout, breakout_retest, structure_break_continuation, sr_reaction, rejection_reclaim",NORMAL,NORMAL,false,,false,EXECUTOR_NOT_REACHED_BECAUSE_NO_FINAL_SIGNAL,NO
2026-09-30T08:55,14:25,true,2026-09-30T09:01:22.809Z,82,WAIT,NO_ELIGIBLE_STRATEGY,BULL_TREND,BULLISH,BOS,BULL_TREND,BULL_TREND,OK,4184.905,4191.225,4191.225,1.8,DEVELOPING,,"a model trigger within regime-eligible families: trend_continuation, pullback_continuation, trend_pullback_confirmation, momentum_continuation, breakout, breakout_retest, structure_break_continuation, sr_reaction, rejection_reclaim",NORMAL,NORMAL,false,,false,EXECUTOR_NOT_REACHED_BECAUSE_NO_FINAL_SIGNAL,NO
2026-09-30T09:00,14:30,true,2026-09-30T09:06:23.133Z,83,WAIT,NO_ELIGIBLE_STRATEGY,BULL_TREND,BULLISH,BOS,BULL_TREND,BULL_TREND,OK,4184.905,4191.225,4191.225,2.3,DEVELOPING,,"a model trigger within regime-eligible families: trend_continuation, pullback_continuation, trend_pullback_confirmation, momentum_continuation, breakout, breakout_retest, structure_break_continuation, sr_reaction, rejection_reclaim",NORMAL,NORMAL,false,,false,EXECUTOR_NOT_REACHED_BECAUSE_NO_FINAL_SIGNAL,NO
2026-09-30T09:05,14:35,true,2026-09-30T09:11:23.347Z,83,WAIT,NO_ELIGIBLE_STRATEGY,BULL_TREND,BULLISH,BOS,BULL_TREND,BULL_TREND,OK,4184.905,4191.225,4191.225,1.7,DEVELOPING,,"a model trigger within regime-eligible families: trend_continuation, pullback_continuation, trend_pullback_confirmation, momentum_continuation, breakout, breakout_retest, structure_break_continuation, sr_reaction, rejection_reclaim",NORMAL,NORMAL,false,,false,EXECUTOR_NOT_REACHED_BECAUSE_NO_FINAL_SIGNAL,NO
2026-09-30T09:10,14:40,true,2026-09-30T09:16:23.489Z,83,WAIT,NO_ELIGIBLE_STRATEGY,BULL_TREND,BEARISH,CHOCH,BULL_TREND,BULL_TREND,OK,4191.225,4202.39,4202.39,0.14,RETEST_PENDING,,a confirmed retest of the breakout level,NORMAL,NORMAL,false,,false,EXECUTOR_NOT_REACHED_BECAUSE_NO_FINAL_SIGNAL,NO
2026-09-30T09:15,14:45,true,2026-09-30T09:21:23.875Z,83,WAIT,NO_ELIGIBLE_STRATEGY,BULL_TREND,BEARISH,CHOCH,BULL_TREND,BULL_TREND,OK,4191.225,4202.39,4202.39,0.71,RECLAIM_PENDING,,a confirmed reclaim beyond the sweep/retest level,NORMAL,NORMAL,false,,false,EXECUTOR_NOT_REACHED_BECAUSE_NO_FINAL_SIGNAL,NO
2026-09-30T09:20,14:50,true,2026-09-30T09:26:23.483Z,83,WAIT,NO_ELIGIBLE_STRATEGY,TRANSITION,BEARISH,CHOCH,BULL_TREND,BULL_TREND,OK,4191.225,4202.39,4202.39,1.57,DEVELOPING,,a model trigger within regime-eligible families: structural_reversal,NORMAL,NORMAL,false,,false,EXECUTOR_NOT_REACHED_BECAUSE_NO_FINAL_SIGNAL,NO
2026-09-30T09:25,14:55,true,2026-09-30T09:31:23.779Z,83,WAIT,NO_ELIGIBLE_STRATEGY,TRANSITION,BEARISH,CHOCH,BULL_TREND,BULL_TREND,OK,4191.225,4202.39,4202.39,1.32,DEVELOPING,,a model trigger within regime-eligible families: structural_reversal,NORMAL,NORMAL,false,,false,EXECUTOR_NOT_REACHED_BECAUSE_NO_FINAL_SIGNAL,NO
2026-09-30T09:30,15:00,true,2026-09-30T09:36:23.793Z,83,WAIT,NO_ELIGIBLE_STRATEGY,TRANSITION,BEARISH,CHOCH,BULL_TREND,BULL_TREND,OK,4191.225,4202.39,4202.39,0.31,DEVELOPING,,a model trigger within regime-eligible families: structural_reversal,NORMAL,NORMAL,false,,false,EXECUTOR_NOT_REACHED_BECAUSE_NO_FINAL_SIGNAL,NO
2026-09-30T09:35,15:05,true,2026-09-30T09:41:23.446Z,83,WAIT,NO_ELIGIBLE_STRATEGY,TRANSITION,BEARISH,CHOCH,BULL_TREND,BULL_TREND,OK,4191.225,4202.39,4202.39,0.98,RECLAIM_PENDING,,a confirmed reclaim beyond the sweep/retest level,NORMAL,NORMAL,false,,false,EXECUTOR_NOT_REACHED_BECAUSE_NO_FINAL_SIGNAL,NO
2026-09-30T09:40,15:10,true,2026-09-30T09:46:23.464Z,83,WAIT,NO_ELIGIBLE_STRATEGY,TRANSITION,BEARISH,CHOCH,BULL_TREND,BULL_TREND,OK,4191.225,4202.39,4202.39,0.82,RECLAIM_PENDING,,a confirmed reclaim beyond the sweep/retest level,NORMAL,NORMAL,false,,false,EXECUTOR_NOT_REACHED_BECAUSE_NO_FINAL_SIGNAL,NO
2026-09-30T09:45,15:15,true,2026-09-30T09:51:23.108Z,83,WAIT,NO_ELIGIBLE_STRATEGY,TRANSITION,BEARISH,CHOCH,BULL_TREND,BULL_TREND,OK,4191.225,4202.39,4202.39,0.98,RECLAIM_PENDING,,a confirmed reclaim beyond the sweep/retest level,NORMAL,NORMAL,false,,false,EXECUTOR_NOT_REACHED_BECAUSE_NO_FINAL_SIGNAL,NO
2026-09-30T09:50,15:20,true,2026-09-30T09:56:23.610Z,83,WAIT,NO_ELIGIBLE_STRATEGY,TRANSITION,BEARISH,CHOCH,BULL_TREND,BULL_TREND,OK,4191.225,4202.39,4202.39,1.07,RECLAIM_PENDING,,a confirmed reclaim beyond the sweep/retest level,NORMAL,NORMAL,false,,false,EXECUTOR_NOT_REACHED_BECAUSE_NO_FINAL_SIGNAL,NO
2026-09-30T09:55,15:25,true,2026-09-30T10:01:23.746Z,83,WAIT,RR_NOT_ACCEPTABLE,TRANSITION,BEARISH,CHOCH,RANGE,BULL_TREND,OK,4191.225,4202.39,4202.39,0.87,CONFIRMATION_PENDING,BO,risk/reward to clear the protected minimum (1.7),NORMAL,NORMAL,false,,false,EXECUTOR_NOT_REACHED_BECAUSE_NO_FINAL_SIGNAL,NO
2026-09-30T10:00,15:30,true,2026-09-30T10:06:23.700Z,83,WAIT,ENTRY_CONFLICT,TRANSITION,BEARISH,CHOCH,RANGE,BULL_TREND,OK,4191.225,4202.39,4202.39,0.38,ARMED,BO,30m regime BULL_TREND AND 30m structure BULLISH both oppose a SELL (two-factor conflict),NORMAL,NORMAL,false,,false,EXECUTOR_NOT_REACHED_BECAUSE_NO_FINAL_SIGNAL,NO
2026-09-30T10:05,15:35,true,2026-09-30T10:11:23.628Z,83,WAIT,NO_ELIGIBLE_STRATEGY,TRANSITION,BEARISH,CHOCH,RANGE,BULL_TREND,OK,4191.225,4202.39,4202.39,1.01,RECLAIM_PENDING,,a confirmed reclaim beyond the sweep/retest level,NORMAL,NORMAL,false,,false,EXECUTOR_NOT_REACHED_BECAUSE_NO_FINAL_SIGNAL,NO
2026-09-30T10:10,15:40,true,2026-09-30T10:16:23.570Z,83,WAIT,NO_ELIGIBLE_STRATEGY,TRANSITION,BEARISH,CHOCH,RANGE,BULL_TREND,OK,4191.225,4202.39,4202.39,1.23,DEVELOPING,,a model trigger within regime-eligible families: structural_reversal,NORMAL,NORMAL,false,,false,EXECUTOR_NOT_REACHED_BECAUSE_NO_FINAL_SIGNAL,NO
2026-09-30T10:15,15:45,true,2026-09-30T10:21:23.770Z,83,WAIT,NO_ELIGIBLE_STRATEGY,TRANSITION,BEARISH,CHOCH,RANGE,BULL_TREND,OK,4191.225,4202.39,4202.39,1.72,DEVELOPING,,a model trigger within regime-eligible families: structural_reversal,NORMAL,NORMAL,false,,false,EXECUTOR_NOT_REACHED_BECAUSE_NO_FINAL_SIGNAL,NO
2026-09-30T10:20,15:50,true,2026-09-30T10:26:23.971Z,83,WAIT,NO_ELIGIBLE_STRATEGY,TRANSITION,BEARISH,CHOCH,RANGE,BULL_TREND,OK,4191.225,4202.39,4202.39,1.26,DEVELOPING,,a model trigger within regime-eligible families: structural_reversal,NORMAL,NORMAL,false,,false,EXECUTOR_NOT_REACHED_BECAUSE_NO_FINAL_SIGNAL,NO
2026-09-30T10:25,15:55,true,2026-09-30T10:31:23.558Z,83,WAIT,NO_ELIGIBLE_STRATEGY,RANGE,BEARISH,CHOCH,RANGE,BULL_TREND,OK,4191.225,4202.39,4202.39,0.86,DEVELOPING,,"a model trigger within regime-eligible families: range_trading, sr_reaction, mean_reversion, liquidity_sweep_reversal, rejection_reclaim, breakout, breakout_retest, structural_reversal",NORMAL,NORMAL,false,,false,EXECUTOR_NOT_REACHED_BECAUSE_NO_FINAL_SIGNAL,NO
2026-09-30T10:30,16:00,true,2026-09-30T10:36:25.213Z,85,WAIT,NO_ELIGIBLE_STRATEGY,COMPRESSION,BEARISH,CHOCH,RANGE,BULL_TREND,OK,4191.225,4190.71,4190.71,1.32,DEVELOPING,,"a model trigger within regime-eligible families: compression_expansion, breakout, breakout_retest, structural_reversal",NORMAL,NORMAL,false,,false,EXECUTOR_NOT_REACHED_BECAUSE_NO_FINAL_SIGNAL,NO
2026-09-30T10:35,16:05,true,2026-09-30T10:41:23.781Z,83,WAIT,NO_ELIGIBLE_STRATEGY,COMPRESSION,BEARISH,CHOCH,RANGE,BULL_TREND,OK,4191.225,4190.71,4190.71,0.73,DEVELOPING,,"a model trigger within regime-eligible families: compression_expansion, breakout, breakout_retest, structural_reversal",NORMAL,NORMAL,false,,false,EXECUTOR_NOT_REACHED_BECAUSE_NO_FINAL_SIGNAL,NO
2026-09-30T10:40,16:10,true,2026-09-30T10:46:23.737Z,83,WAIT,NO_ELIGIBLE_STRATEGY,COMPRESSION,BEARISH,CHOCH,RANGE,BULL_TREND,OK,4191.225,4190.71,4190.71,2,RECLAIM_PENDING,,a confirmed reclaim beyond the sweep/retest level,NORMAL,NORMAL,false,,false,EXECUTOR_NOT_REACHED_BECAUSE_NO_FINAL_SIGNAL,NO
2026-09-30T10:45,16:15,true,2026-09-30T10:51:31.755Z,91,WAIT,NO_ELIGIBLE_STRATEGY,COMPRESSION,BEARISH,CHOCH,RANGE,BULL_TREND,OK,4191.225,4190.71,4190.71,1.7,RECLAIM_PENDING,,a confirmed reclaim beyond the sweep/retest level,NORMAL,NORMAL,false,,false,EXECUTOR_NOT_REACHED_BECAUSE_NO_FINAL_SIGNAL,NO
2026-09-30T10:50,16:20,true,2026-09-30T10:56:32.254Z,92,WAIT,NO_ELIGIBLE_STRATEGY,COMPRESSION,BEARISH,CHOCH,RANGE,BULL_TREND,OK,4191.225,4190.71,4190.71,1.9,RECLAIM_PENDING,,a confirmed reclaim beyond the sweep/retest level,NORMAL,NORMAL,false,,false,EXECUTOR_NOT_REACHED_BECAUSE_NO_FINAL_SIGNAL,NO
2026-09-30T10:55,16:25,true,2026-09-30T11:01:24.096Z,84,WAIT,NO_ELIGIBLE_STRATEGY,COMPRESSION,BEARISH,CHOCH,RANGE,BULL_TREND,OK,4191.225,4190.71,4190.71,1.77,RECLAIM_PENDING,,a confirmed reclaim beyond the sweep/retest level,NORMAL,NORMAL,false,,false,EXECUTOR_NOT_REACHED_BECAUSE_NO_FINAL_SIGNAL,NO
2026-09-30T11:00,16:30,true,2026-09-30T11:06:28.335Z,88,WAIT,NO_ELIGIBLE_STRATEGY,COMPRESSION,BEARISH,CHOCH,RANGE,BULL_TREND,OK,4191.225,4190.71,4190.71,1.98,RECLAIM_PENDING,,a confirmed reclaim beyond the sweep/retest level,NORMAL,NORMAL,false,,false,EXECUTOR_NOT_REACHED_BECAUSE_NO_FINAL_SIGNAL,NO
2026-09-30T11:05,16:35,true,2026-09-30T11:11:24.465Z,84,WAIT,NO_ELIGIBLE_STRATEGY,BEAR_TREND,BEARISH,BOS,RANGE,BULL_TREND,OK,4183.11,4190.71,4190.71,0.86,RETEST_PENDING,,a confirmed retest of the breakout level,NORMAL,NORMAL,false,,false,EXECUTOR_NOT_REACHED_BECAUSE_NO_FINAL_SIGNAL,NO
2026-09-30T11:10,16:40,true,2026-09-30T11:16:31.912Z,91,WAIT,NO_ELIGIBLE_STRATEGY,BEAR_TREND,BEARISH,BOS,TRANSITION,BULL_TREND,OK,4183.11,4190.71,4190.71,0.83,RETEST_PENDING,,a confirmed retest of the breakout level,NORMAL,NORMAL,false,,false,EXECUTOR_NOT_REACHED_BECAUSE_NO_FINAL_SIGNAL,NO
2026-09-30T11:15,16:45,true,2026-09-30T11:21:26.661Z,86,WAIT,NO_ELIGIBLE_STRATEGY,BEAR_TREND,BEARISH,BOS,TRANSITION,BULL_TREND,OK,4183.11,4190.71,4190.71,1.54,RETEST_PENDING,,a confirmed retest of the breakout level,NORMAL,NORMAL,false,,false,EXECUTOR_NOT_REACHED_BECAUSE_NO_FINAL_SIGNAL,NO
2026-09-30T11:20,16:50,true,2026-09-30T11:26:24.517Z,84,WAIT,ENTRY_CONFLICT,BEAR_TREND,BEARISH,BOS,TRANSITION,BULL_TREND,OK,4183.11,4190.71,4190.71,0.26,ARMED,BO,30m regime BULL_TREND AND 30m structure BULLISH both oppose a SELL (two-factor conflict),NORMAL,NORMAL,false,,false,EXECUTOR_NOT_REACHED_BECAUSE_NO_FINAL_SIGNAL,NO
2026-09-30T11:25,16:55,true,2026-09-30T11:31:25.679Z,85,WAIT,NO_ELIGIBLE_STRATEGY,BEAR_TREND,BEARISH,BOS,TRANSITION,RANGE,OK,4183.11,4190.71,4190.71,0.13,INVALIDATED,,a fresh objective setup to form (this anchor already reversed),NORMAL,NORMAL,false,,false,EXECUTOR_NOT_REACHED_BECAUSE_NO_FINAL_SIGNAL,NO
2026-09-30T11:30,17:00,true,2026-09-30T11:38:14.825Z,194,WAIT,NO_ELIGIBLE_STRATEGY,BEAR_TREND,BEARISH,BOS,TRANSITION,TRANSITION,OK,4183.11,4190.71,4190.71,0.99,INVALIDATED,,a fresh objective setup to form (this anchor already reversed),NORMAL,NORMAL,false,,false,EXECUTOR_NOT_REACHED_BECAUSE_NO_FINAL_SIGNAL,NO
2026-09-30T11:35,17:05,true,2026-09-30T11:41:26.427Z,86,WAIT,NO_ELIGIBLE_STRATEGY,BEAR_TREND,BEARISH,BOS,TRANSITION,RANGE,OK,4183.11,4190.71,4190.71,1.79,INVALIDATED,,a fresh objective setup to form (this anchor already reversed),NORMAL,NORMAL,false,,false,EXECUTOR_NOT_REACHED_BECAUSE_NO_FINAL_SIGNAL,NO
2026-09-30T11:40,17:10,true,2026-09-30T11:46:24.788Z,84,WAIT,NO_ELIGIBLE_STRATEGY,BEAR_TREND,BEARISH,BOS,RANGE,RANGE,OK,4183.11,4190.71,4190.71,0.92,INVALIDATED,,a fresh objective setup to form (this anchor already reversed),NORMAL,NORMAL,false,,false,EXECUTOR_NOT_REACHED_BECAUSE_NO_FINAL_SIGNAL,NO
2026-09-30T11:45,17:15,true,2026-09-30T11:51:24.811Z,84,WAIT,NO_ELIGIBLE_STRATEGY,BEAR_TREND,BEARISH,BOS,RANGE,RANGE,OK,4183.11,4190.71,4190.71,0.53,INVALIDATED,,a fresh objective setup to form (this anchor already reversed),NORMAL,NORMAL,false,,false,EXECUTOR_NOT_REACHED_BECAUSE_NO_FINAL_SIGNAL,NO
2026-09-30T11:50,17:20,true,2026-09-30T11:56:24.804Z,84,WAIT,NO_ELIGIBLE_STRATEGY,RANGE,BEARISH,BOS,RANGE,RANGE,OK,4183.11,4190.71,4190.71,0.67,INVALIDATED,,a fresh objective setup to form (this anchor already reversed),NORMAL,NORMAL,false,,false,EXECUTOR_NOT_REACHED_BECAUSE_NO_FINAL_SIGNAL,NO
2026-09-30T11:55,17:25,true,2026-09-30T12:01:24.744Z,84,WAIT,NO_ELIGIBLE_STRATEGY,RANGE,BEARISH,BOS,RANGE,RANGE,OK,4183.11,4190.71,4190.71,0.97,INVALIDATED,,a fresh objective setup to form (this anchor already reversed),PRE_NEWS,NORMAL,true,NEWS:PRE_NEWS,false,EXECUTOR_NOT_REACHED_BECAUSE_NO_FINAL_SIGNAL,NO
2026-09-30T12:00,17:30,true,2026-09-30T12:06:24.710Z,84,WAIT,NO_ELIGIBLE_STRATEGY,TRANSITION,BEARISH,BOS,RANGE,RANGE,OK,4183.11,4192.425,4192.425,1.48,INVALIDATED,,a fresh objective setup to form (this anchor already reversed),PRE_NEWS,NORMAL,true,NEWS:PRE_NEWS,false,EXECUTOR_NOT_REACHED_BECAUSE_NO_FINAL_SIGNAL,NO
2026-09-30T12:05,17:35,true,2026-09-30T12:11:24.678Z,84,WAIT,NO_ELIGIBLE_STRATEGY,TRANSITION,BEARISH,BOS,RANGE,RANGE,OK,4183.11,4192.425,4192.425,1.57,INVALIDATED,,a fresh objective setup to form (this anchor already reversed),PRE_NEWS,NORMAL,true,NEWS:PRE_NEWS,false,EXECUTOR_NOT_REACHED_BECAUSE_NO_FINAL_SIGNAL,NO
2026-09-30T12:10,17:40,true,2026-09-30T12:16:24.686Z,84,WAIT,NO_ELIGIBLE_STRATEGY,TRANSITION,BULLISH,BOS,TRANSITION,RANGE,OK,4192.425,4176.455,4176.455,0.55,RECLAIM_PENDING,,a confirmed reclaim beyond the sweep/retest level,PRE_NEWS,NORMAL,true,NEWS:PRE_NEWS,false,EXECUTOR_NOT_REACHED_BECAUSE_NO_FINAL_SIGNAL,NO
2026-09-30T12:15,17:45,true,2026-09-30T12:21:25.520Z,85,WAIT,NO_ELIGIBLE_STRATEGY,TRANSITION,BULLISH,BOS,TRANSITION,RANGE,OK,4192.425,4176.455,4176.455,0.76,INVALIDATED,,a fresh objective setup to form (this anchor already reversed),PRE_NEWS,VOLATILITY_SHOCK,true,NEWS:PRE_NEWS,false,EXECUTOR_NOT_REACHED_BECAUSE_NO_FINAL_SIGNAL,NO
2026-09-30T12:20,17:50,true,2026-09-30T12:26:24.835Z,84,WAIT,RR_NOT_ACCEPTABLE,BULL_TREND,BULLISH,BOS,TRANSITION,RANGE,OK,4192.425,4176.455,4176.455,0.44,INVALIDATED,SR,a fresh objective setup to form (this anchor already reversed),PRE_NEWS,VOLATILITY_SHOCK,true,NEWS:PRE_NEWS,false,EXECUTOR_NOT_REACHED_BECAUSE_NO_FINAL_SIGNAL,NO
2026-09-30T12:25,17:55,true,2026-09-30T12:31:25.202Z,85,BUY,,RANGE,BULLISH,BOS,RANGE,RANGE,OK,,,4176.455,,CONFIRMED,BO,,NEWS_ACTIVE,VOLATILITY_SHOCK,true,NEWS:PRE_NEWS|VOLATILITY_SHOCK,true,SKIPPED:ENTRY_DRIFT,NO
2026-09-30T12:30,18:00,true,2026-09-30T12:36:24.916Z,84,WAIT,OVEREXTENDED,HIGH_VOLATILITY,BULLISH,BOS,RANGE,RANGE,OK,4192.425,4176.455,4176.455,3.79,MISSED,BO,a fresh setup with new valid entry geometry (this anchor's entry window has passed),POST_NEWS_COOLDOWN,VOLATILITY_SHOCK,true,NEWS:NEWS_ACTIVE|VOLATILITY_SHOCK,false,EXECUTOR_NOT_REACHED_BECAUSE_NO_FINAL_SIGNAL,NO
2026-09-30T12:35,18:05,true,2026-09-30T12:41:25.904Z,85,WAIT,NO_GOOD_ENTRY,HIGH_VOLATILITY,BULLISH,BOS,RANGE,RANGE,OK,4192.425,4176.455,4176.455,2,CONFIRMATION_PENDING,BO,a confirmed reclaim beyond the held breakout/retest level,POST_NEWS_COOLDOWN,VOLATILITY_SHOCK,true,NEWS:NEWS_ACTIVE|VOLATILITY_SHOCK,false,EXECUTOR_NOT_REACHED_BECAUSE_NO_FINAL_SIGNAL,NO
2026-09-30T12:40,18:10,true,2026-09-30T12:46:25.393Z,85,WAIT,OVEREXTENDED,HIGH_VOLATILITY,BULLISH,BOS,TRANSITION,RANGE,OK,4192.425,4176.455,4176.455,3.23,MISSED,BO,a fresh setup with new valid entry geometry (this anchor's entry window has passed),POST_NEWS_COOLDOWN,VOLATILITY_SHOCK,true,NEWS:NEWS_ACTIVE|VOLATILITY_SHOCK,false,EXECUTOR_NOT_REACHED_BECAUSE_NO_FINAL_SIGNAL,NO
2026-09-30T12:45,18:15,true,2026-09-30T12:51:26.150Z,86,WAIT,NO_GOOD_ENTRY,HIGH_VOLATILITY,BULLISH,BOS,TRANSITION,RANGE,OK,4192.425,4182.885,4182.885,2.48,CONFIRMATION_PENDING,BO,a confirmed reclaim beyond the held breakout/retest level,POST_NEWS_COOLDOWN,VOLATILITY_SHOCK,true,NEWS:NEWS_ACTIVE|VOLATILITY_SHOCK,false,EXECUTOR_NOT_REACHED_BECAUSE_NO_FINAL_SIGNAL,NO
2026-09-30T12:50,18:20,true,2026-09-30T12:56:25.641Z,85,WAIT,OVEREXTENDED,HIGH_VOLATILITY,BULLISH,BOS,TRANSITION,RANGE,OK,4192.425,4182.885,4182.885,2.78,MISSED,BO,a fresh setup with new valid entry geometry (this anchor's entry window has passed),POST_NEWS_COOLDOWN,NORMAL,true,NEWS:POST_NEWS_COOLDOWN|VOLATILITY_SHOCK,false,EXECUTOR_NOT_REACHED_BECAUSE_NO_FINAL_SIGNAL,NO
2026-09-30T12:55,18:25,true,2026-09-30T13:01:26.086Z,86,WAIT,NO_GOOD_ENTRY,HIGH_VOLATILITY,BULLISH,BOS,TRANSITION,TRANSITION,OK,4192.425,4182.885,4182.885,2.15,CONFIRMATION_PENDING,BO,a confirmed reclaim beyond the held breakout/retest level,POST_NEWS_COOLDOWN,NORMAL,true,NEWS:POST_NEWS_COOLDOWN|VOLATILITY_SHOCK,false,EXECUTOR_NOT_REACHED_BECAUSE_NO_FINAL_SIGNAL,NO
2026-09-30T13:00,18:30,true,2026-09-30T13:06:25.827Z,85,WAIT,NO_GOOD_ENTRY,HIGH_VOLATILITY,BULLISH,BOS,TRANSITION,TRANSITION,OK,4192.425,4182.885,4182.885,2.15,CONFIRMATION_PENDING,BO,a confirmed reclaim beyond the held breakout/retest level,NORMAL,NORMAL,false,,false,EXECUTOR_NOT_REACHED_BECAUSE_NO_FINAL_SIGNAL,NO
2026-09-30T13:05,18:35,true,2026-09-30T13:11:25.489Z,85,WAIT,NO_ELIGIBLE_STRATEGY,HIGH_VOLATILITY,BULLISH,BOS,TRANSITION,TRANSITION,OK,4192.425,4182.885,4182.885,1.99,RECLAIM_PENDING,,a confirmed reclaim beyond the sweep/retest level,NORMAL,NORMAL,false,,false,EXECUTOR_NOT_REACHED_BECAUSE_NO_FINAL_SIGNAL,NO
2026-09-30T13:10,18:40,true,2026-09-30T13:16:26.824Z,86,WAIT,NO_ELIGIBLE_STRATEGY,HIGH_VOLATILITY,BULLISH,BOS,TRANSITION,TRANSITION,OK,4192.425,4182.885,4182.885,1.4,RECLAIM_PENDING,,a confirmed reclaim beyond the sweep/retest level,NORMAL,NORMAL,false,,false,EXECUTOR_NOT_REACHED_BECAUSE_NO_FINAL_SIGNAL,NO
2026-09-30T13:15,18:45,true,2026-09-30T13:21:25.416Z,85,WAIT,NO_ELIGIBLE_STRATEGY,HIGH_VOLATILITY,BULLISH,BOS,TRANSITION,TRANSITION,OK,4192.425,4182.885,4182.885,0.48,RECLAIM_PENDING,,a confirmed reclaim beyond the sweep/retest level,NORMAL,NORMAL,false,,false,EXECUTOR_NOT_REACHED_BECAUSE_NO_FINAL_SIGNAL,NO
2026-09-30T13:20,18:50,true,2026-09-30T13:26:29.129Z,89,WAIT,NO_ELIGIBLE_STRATEGY,HIGH_VOLATILITY,BULLISH,BOS,TRANSITION,TRANSITION,OK,4192.425,4182.885,4182.885,0.17,RECLAIM_PENDING,,a confirmed reclaim beyond the sweep/retest level,NORMAL,NORMAL,false,,false,EXECUTOR_NOT_REACHED_BECAUSE_NO_FINAL_SIGNAL,NO
2026-09-30T13:25,18:55,true,2026-09-30T13:31:27.828Z,87,WAIT,NO_ELIGIBLE_STRATEGY,HIGH_VOLATILITY,BULLISH,BOS,TRANSITION,BULL_TREND,OK,4192.425,4182.885,4182.885,0.16,RECLAIM_PENDING,,a confirmed reclaim beyond the sweep/retest level,NORMAL,NORMAL,false,,false,EXECUTOR_NOT_REACHED_BECAUSE_NO_FINAL_SIGNAL,NO
2026-09-30T13:30,19:00,true,2026-09-30T13:36:25.458Z,85,WAIT,NO_ELIGIBLE_STRATEGY,HIGH_VOLATILITY,BULLISH,BOS,TRANSITION,BULL_TREND,OK,4192.425,4182.885,4182.885,0.08,RECLAIM_PENDING,,a confirmed reclaim beyond the sweep/retest level,NORMAL,NORMAL,false,,false,EXECUTOR_NOT_REACHED_BECAUSE_NO_FINAL_SIGNAL,NO
2026-09-30T13:35,19:05,true,2026-09-30T13:41:29.905Z,89,WAIT,NO_ELIGIBLE_STRATEGY,HIGH_VOLATILITY,BULLISH,BOS,TRANSITION,BULL_TREND,OK,4192.425,4182.885,4182.885,0.79,INVALIDATED,,a fresh objective setup to form (this anchor already reversed),NORMAL,NORMAL,false,,false,EXECUTOR_NOT_REACHED_BECAUSE_NO_FINAL_SIGNAL,NO
2026-09-30T13:40,19:10,true,2026-09-30T13:46:35.025Z,95,WAIT,NO_ELIGIBLE_STRATEGY,HIGH_VOLATILITY,BULLISH,BOS,RANGE,BULL_TREND,OK,4192.425,4182.885,4182.885,1.22,INVALIDATED,,a fresh objective setup to form (this anchor already reversed),NORMAL,NORMAL,false,,false,EXECUTOR_NOT_REACHED_BECAUSE_NO_FINAL_SIGNAL,NO
2026-09-30T13:45,19:15,true,2026-09-30T13:51:34.674Z,94,WAIT,NO_ELIGIBLE_STRATEGY,HIGH_VOLATILITY,BEARISH,CHOCH,RANGE,BULL_TREND,OK,4182.885,4219.415,4219.415,0.27,RECLAIM_PENDING,,a confirmed reclaim beyond the sweep/retest level,NORMAL,NORMAL,false,,false,EXECUTOR_NOT_REACHED_BECAUSE_NO_FINAL_SIGNAL,NO
2026-09-30T13:50,19:20,true,2026-09-30T13:57:03.403Z,123,WAIT,RR_NOT_ACCEPTABLE,HIGH_VOLATILITY,BEARISH,CHOCH,RANGE,BULL_TREND,OK,4182.885,4219.415,4219.415,0.03,DEVELOPING,BO,risk/reward to clear the protected minimum (1.7),NORMAL,NORMAL,false,,false,EXECUTOR_NOT_REACHED_BECAUSE_NO_FINAL_SIGNAL,NO
2026-09-30T13:55,19:25,false,,,NOT_PROCESSED,FEED_STALL_CANDLE_READ_FAILED,,,,,,,,,,,,,,NORMAL,NORMAL,false,,false,EXECUTOR_NOT_REACHED_BECAUSE_NO_FINAL_SIGNAL,NO
2026-09-30T14:00,19:30,false,,,NOT_PROCESSED,FEED_STALL_CANDLE_READ_FAILED,,,,,,,,,,,,,,NORMAL,NORMAL,false,,false,EXECUTOR_NOT_REACHED_BECAUSE_NO_FINAL_SIGNAL,NO
2026-09-30T14:05,19:35,false,,,NOT_PROCESSED,FEED_STALL_CANDLE_READ_FAILED,,,,,,,,,,,,,,NORMAL,NORMAL,false,,false,EXECUTOR_NOT_REACHED_BECAUSE_NO_FINAL_SIGNAL,NO
2026-09-30T14:10,19:40,false,,,NOT_PROCESSED,FEED_STALL_CANDLE_READ_FAILED,,,,,,,,,,,,,,NORMAL,NORMAL,false,,false,EXECUTOR_NOT_REACHED_BECAUSE_NO_FINAL_SIGNAL,NO
2026-09-30T14:15,19:45,true,2026-09-30T14:25:53.520Z,353,WAIT,RR_NOT_ACCEPTABLE,HIGH_VOLATILITY,BEARISH,CHOCH,TRANSITION,BULL_TREND,OK,4182.885,4219.415,4219.415,0.76,CONFIRMATION_PENDING,BO,risk/reward to clear the protected minimum (1.7),NORMAL,NORMAL,false,,false,EXECUTOR_NOT_REACHED_BECAUSE_NO_FINAL_SIGNAL,NO
2026-09-30T14:20,19:50,true,2026-09-30T14:27:44.950Z,164,WAIT,NO_GOOD_ENTRY,HIGH_VOLATILITY,BEARISH,CHOCH,TRANSITION,BULL_TREND,OK,4182.885,4219.415,4219.415,1.25,CONFIRMATION_PENDING,BO,a confirmed reclaim beyond the held breakout/retest level,NORMAL,NORMAL,false,,false,EXECUTOR_NOT_REACHED_BECAUSE_NO_FINAL_SIGNAL,NO
2026-09-30T14:25,19:55,true,2026-09-30T14:31:53.705Z,113,WAIT,insufficient/invalid market data,BEAR_TREND,BEARISH,CHOCH,TRANSITION,,UNAVAILABLE,,,4219.415,,WAIT,,,NORMAL,NORMAL,false,,false,EXECUTOR_NOT_REACHED_BECAUSE_NO_FINAL_SIGNAL,NO
2026-09-30T14:30,20:00,true,2026-09-30T14:36:36.187Z,96,WAIT,NO_GOOD_ENTRY,BEAR_TREND,BEARISH,CHOCH,TRANSITION,RANGE,OK,4182.885,4219.415,4219.415,1.81,CONFIRMATION_PENDING,BO,a confirmed reclaim beyond the held breakout/retest level,NORMAL,NORMAL,false,,false,EXECUTOR_NOT_REACHED_BECAUSE_NO_FINAL_SIGNAL,NO
2026-09-30T14:35,20:05,true,2026-09-30T14:41:37.271Z,97,WAIT,RR_NOT_ACCEPTABLE,BEAR_TREND,BEARISH,CHOCH,TRANSITION,RANGE,OK,4182.885,4219.415,4219.415,2.06,CONFIRMATION_PENDING,BO,risk/reward to clear the protected minimum (1.7),NORMAL,NORMAL,false,,false,EXECUTOR_NOT_REACHED_BECAUSE_NO_FINAL_SIGNAL,NO
2026-09-30T14:40,20:10,true,2026-09-30T14:46:35.355Z,95,WAIT,NO_ELIGIBLE_STRATEGY,BEAR_TREND,BEARISH,CHOCH,TRANSITION,RANGE,OK,4182.885,4219.415,4219.415,1.9,RECLAIM_PENDING,,a confirmed reclaim beyond the sweep/retest level,NORMAL,NORMAL,false,,false,EXECUTOR_NOT_REACHED_BECAUSE_NO_FINAL_SIGNAL,NO
2026-09-30T14:45,20:15,true,2026-09-30T14:51:27.514Z,87,WAIT,NO_ELIGIBLE_STRATEGY,BEAR_TREND,BEARISH,CHOCH,TRANSITION,RANGE,OK,4182.885,4219.415,4219.415,1.38,RECLAIM_PENDING,,a confirmed reclaim beyond the sweep/retest level,NORMAL,NORMAL,false,,false,EXECUTOR_NOT_REACHED_BECAUSE_NO_FINAL_SIGNAL,NO
2026-09-30T14:50,20:20,true,2026-09-30T14:56:44.743Z,104,WAIT,insufficient/invalid market data,BEAR_TREND,BEARISH,CHOCH,,RANGE,OK,,,4219.415,,WAIT,,,NORMAL,NORMAL,false,,false,EXECUTOR_NOT_REACHED_BECAUSE_NO_FINAL_SIGNAL,NO
2026-09-30T14:55,20:25,true,2026-09-30T15:01:36.255Z,96,WAIT,NO_ELIGIBLE_STRATEGY,HIGH_VOLATILITY,BEARISH,CHOCH,TRANSITION,RANGE,OK,4182.885,4219.415,4219.415,2.35,RECLAIM_PENDING,,a confirmed reclaim beyond the sweep/retest level,NORMAL,NORMAL,false,,false,EXECUTOR_NOT_REACHED_BECAUSE_NO_FINAL_SIGNAL,NO
2026-09-30T15:00,20:30,true,2026-09-30T15:06:35.518Z,95,WAIT,NO_ELIGIBLE_STRATEGY,BEAR_TREND,BEARISH,CHOCH,TRANSITION,RANGE,OK,4182.885,4219.415,4219.415,2.06,RECLAIM_PENDING,,a confirmed reclaim beyond the sweep/retest level,NORMAL,NORMAL,false,,false,EXECUTOR_NOT_REACHED_BECAUSE_NO_FINAL_SIGNAL,NO
2026-09-30T15:05,20:35,true,2026-09-30T15:11:29.879Z,89,WAIT,NO_ELIGIBLE_STRATEGY,BEAR_TREND,BEARISH,CHOCH,TRANSITION,RANGE,OK,4182.885,4219.415,4219.415,2.76,RECLAIM_PENDING,,a confirmed reclaim beyond the sweep/retest level,NORMAL,NORMAL,false,,false,EXECUTOR_NOT_REACHED_BECAUSE_NO_FINAL_SIGNAL,NO
2026-09-30T15:10,20:40,true,2026-09-30T15:16:27.534Z,87,WAIT,NO_ELIGIBLE_STRATEGY,BEAR_TREND,BEARISH,CHOCH,TRANSITION,RANGE,OK,4182.885,4219.415,4219.415,2.53,RECLAIM_PENDING,,a confirmed reclaim beyond the sweep/retest level,NORMAL,NORMAL,false,,false,EXECUTOR_NOT_REACHED_BECAUSE_NO_FINAL_SIGNAL,NO
2026-09-30T15:15,20:45,true,2026-09-30T15:21:41.023Z,101,WAIT,NO_ELIGIBLE_STRATEGY,BEAR_TREND,BEARISH,CHOCH,TRANSITION,RANGE,OK,4182.885,4176.95,4176.95,3.13,RECLAIM_PENDING,,a confirmed reclaim beyond the sweep/retest level,NORMAL,NORMAL,false,,false,EXECUTOR_NOT_REACHED_BECAUSE_NO_FINAL_SIGNAL,NO
2026-09-30T15:20,20:50,true,2026-09-30T15:26:26.907Z,86,WAIT,NO_ELIGIBLE_STRATEGY,BEAR_TREND,BEARISH,CHOCH,TRANSITION,RANGE,OK,4182.885,4176.95,4176.95,3.74,RECLAIM_PENDING,,a confirmed reclaim beyond the sweep/retest level,NORMAL,NORMAL,false,,false,EXECUTOR_NOT_REACHED_BECAUSE_NO_FINAL_SIGNAL,NO
2026-09-30T15:25,20:55,true,2026-09-30T15:31:27.129Z,87,WAIT,NO_ELIGIBLE_STRATEGY,BEAR_TREND,BEARISH,CHOCH,BEAR_TREND,TRANSITION,OK,4182.885,4176.95,4176.95,3.63,RECLAIM_PENDING,,a confirmed reclaim beyond the sweep/retest level,NORMAL,NORMAL,false,,false,EXECUTOR_NOT_REACHED_BECAUSE_NO_FINAL_SIGNAL,NO
2026-09-30T15:30,21:00,true,2026-09-30T15:36:27.339Z,87,WAIT,NO_ELIGIBLE_STRATEGY,BEAR_TREND,BEARISH,CHOCH,BEAR_TREND,TRANSITION,OK,4182.885,4176.95,4176.95,3.28,RECLAIM_PENDING,,a confirmed reclaim beyond the sweep/retest level,NORMAL,NORMAL,false,,false,EXECUTOR_NOT_REACHED_BECAUSE_NO_FINAL_SIGNAL,NO
2026-09-30T15:35,21:05,true,2026-09-30T15:41:26.250Z,86,WAIT,NO_ELIGIBLE_STRATEGY,BEAR_TREND,BEARISH,CHOCH,BEAR_TREND,TRANSITION,OK,4182.885,4176.95,4176.95,3.59,RECLAIM_PENDING,,a confirmed reclaim beyond the sweep/retest level,NORMAL,NORMAL,false,,false,EXECUTOR_NOT_REACHED_BECAUSE_NO_FINAL_SIGNAL,NO
2026-09-30T15:40,21:10,true,2026-09-30T15:46:27.264Z,87,WAIT,NO_ELIGIBLE_STRATEGY,BEAR_TREND,BEARISH,CHOCH,BEAR_TREND,TRANSITION,OK,4182.885,4176.95,4176.95,3.77,RECLAIM_PENDING,,a confirmed reclaim beyond the sweep/retest level,NORMAL,NORMAL,false,,false,EXECUTOR_NOT_REACHED_BECAUSE_NO_FINAL_SIGNAL,NO
2026-09-30T15:45,21:15,true,2026-09-30T15:51:27.344Z,87,WAIT,NO_ELIGIBLE_STRATEGY,BEAR_TREND,BEARISH,CHOCH,BEAR_TREND,TRANSITION,OK,4182.885,4176.95,4176.95,3.29,RECLAIM_PENDING,,a confirmed reclaim beyond the sweep/retest level,NORMAL,NORMAL,false,,false,EXECUTOR_NOT_REACHED_BECAUSE_NO_FINAL_SIGNAL,NO
2026-09-30T15:50,21:20,true,2026-09-30T15:56:27.813Z,87,WAIT,NO_ELIGIBLE_STRATEGY,BEAR_TREND,BEARISH,CHOCH,BEAR_TREND,TRANSITION,OK,4182.885,4176.95,4176.95,4.22,RECLAIM_PENDING,,a confirmed reclaim beyond the sweep/retest level,NORMAL,NORMAL,false,,false,EXECUTOR_NOT_REACHED_BECAUSE_NO_FINAL_SIGNAL,NO
2026-09-30T15:55,21:25,true,2026-09-30T16:01:28.590Z,88,WAIT,NO_ELIGIBLE_STRATEGY,BEAR_TREND,BEARISH,CHOCH,BEAR_TREND,TRANSITION,OK,4182.885,4176.95,4176.95,3.93,RECLAIM_PENDING,,a confirmed reclaim beyond the sweep/retest level,NORMAL,NORMAL,false,,false,EXECUTOR_NOT_REACHED_BECAUSE_NO_FINAL_SIGNAL,NO
2026-09-30T16:00,21:30,true,2026-09-30T16:06:28.051Z,88,WAIT,NO_ELIGIBLE_STRATEGY,BEAR_TREND,BEARISH,CHOCH,BEAR_TREND,TRANSITION,OK,4182.885,4176.95,4176.95,3.46,RECLAIM_PENDING,,a confirmed reclaim beyond the sweep/retest level,NORMAL,NORMAL,false,,false,EXECUTOR_NOT_REACHED_BECAUSE_NO_FINAL_SIGNAL,NO
2026-09-30T16:05,21:35,true,2026-09-30T16:15:33.581Z,333,WAIT,NO_ELIGIBLE_STRATEGY,BEAR_TREND,BEARISH,CHOCH,BEAR_TREND,TRANSITION,OK,4182.885,4176.95,4176.95,3.8,RECLAIM_PENDING,,a confirmed reclaim beyond the sweep/retest level,NORMAL,NORMAL,false,,false,EXECUTOR_NOT_REACHED_BECAUSE_NO_FINAL_SIGNAL,NO
2026-09-30T16:10,21:40,true,2026-09-30T16:17:27.100Z,147,WAIT,NO_ELIGIBLE_STRATEGY,BEAR_TREND,BEARISH,CHOCH,BEAR_TREND,TRANSITION,OK,4182.885,4176.95,4176.95,3.53,RECLAIM_PENDING,,a confirmed reclaim beyond the sweep/retest level,NORMAL,NORMAL,false,,false,EXECUTOR_NOT_REACHED_BECAUSE_NO_FINAL_SIGNAL,NO
2026-09-30T16:15,21:45,true,2026-09-30T16:21:27.028Z,87,WAIT,NO_ELIGIBLE_STRATEGY,BEAR_TREND,BEARISH,CHOCH,BEAR_TREND,TRANSITION,OK,4182.885,4176.95,4176.95,3.68,RECLAIM_PENDING,,a confirmed reclaim beyond the sweep/retest level,NORMAL,NORMAL,false,,false,EXECUTOR_NOT_REACHED_BECAUSE_NO_FINAL_SIGNAL,NO
2026-09-30T16:20,21:50,true,2026-09-30T16:26:27.890Z,87,WAIT,NO_ELIGIBLE_STRATEGY,BEAR_TREND,BEARISH,CHOCH,BEAR_TREND,TRANSITION,OK,4182.885,4176.95,4176.95,3.45,RECLAIM_PENDING,,a confirmed reclaim beyond the sweep/retest level,NORMAL,NORMAL,false,,false,EXECUTOR_NOT_REACHED_BECAUSE_NO_FINAL_SIGNAL,NO
2026-09-30T16:25,21:55,true,2026-09-30T16:31:30.741Z,90,WAIT,NO_ELIGIBLE_STRATEGY,BEAR_TREND,BEARISH,CHOCH,BEAR_TREND,TRANSITION,OK,4182.885,4176.95,4176.95,3.84,RECLAIM_PENDING,,a confirmed reclaim beyond the sweep/retest level,NORMAL,NORMAL,false,,false,EXECUTOR_NOT_REACHED_BECAUSE_NO_FINAL_SIGNAL,NO
2026-09-30T16:30,22:00,true,2026-09-30T16:36:30.785Z,90,WAIT,NO_ELIGIBLE_STRATEGY,COMPRESSION,BEARISH,CHOCH,BEAR_TREND,TRANSITION,OK,4182.885,4176.95,4176.95,4.54,RECLAIM_PENDING,,a confirmed reclaim beyond the sweep/retest level,NORMAL,NORMAL,false,,false,EXECUTOR_NOT_REACHED_BECAUSE_NO_FINAL_SIGNAL,NO
2026-09-30T16:35,22:05,true,2026-09-30T16:41:31.073Z,91,WAIT,NO_ELIGIBLE_STRATEGY,COMPRESSION,BEARISH,CHOCH,BEAR_TREND,TRANSITION,OK,4182.885,4176.95,4176.95,4.16,RECLAIM_PENDING,,a confirmed reclaim beyond the sweep/retest level,NORMAL,NORMAL,false,,false,EXECUTOR_NOT_REACHED_BECAUSE_NO_FINAL_SIGNAL,NO