utc,o,h,l,c,m15_last,m30_last,h1_last,bars5,regime5,atrRatio,atr,structure5,event,event_level,event_age,anchor5,adx,ema20_dist,bias15,regime15,structure15,choch15,regime30,structure30,regime1h,bias1h,eligible,MC,PB,BO,SR,MR,candidate,entry,sl,tp1,tp2,rr,rr_gate,quality,q_threshold,quality_pass,overextension,mtf,action,reason
2026-09-30T07:30,4195.327,4196.575,4193.63,4194.64,07:15,07:00,06:00,499,BULL_TREND,1.301,4.61,BULLISH,BOS/BULLISH,4184.73,8,4178.73,34.62,5.96,NEUTRAL,TRANSITION,BULLISH,,COMPRESSION,BULLISH,TRANSITION,BULLISH,BOSR,bias NEUTRAL,bias NEUTRAL,no retest (closest 1.07 ATR vs 0.3),15m_low 6.11ATR;15m_high -2.51ATR;5m_low 3.23ATR;5m_high -2.57ATR,not eligible,,,,,,,,,,,,,WAIT,NO_ELIGIBLE_STRATEGY
2026-09-30T07:35,4194.69,4198.899,4194.582,4196.844,07:15,07:00,06:00,499,BULL_TREND,1.286,4.589,BULLISH,BOS/BULLISH,4184.73,9,4178.73,36.02,7.38,NEUTRAL,TRANSITION,BULLISH,,COMPRESSION,BULLISH,TRANSITION,BULLISH,BOSR,bias NEUTRAL,bias NEUTRAL,no retest (closest 1.08 ATR vs 0.3),15m_low 6.34ATR;15m_high -3.03ATR;5m_low 3.46ATR;5m_high -3.09ATR,not eligible,,,,,,,,,,,,,WAIT,NO_ELIGIBLE_STRATEGY
2026-09-30T07:40,4196.828,4197.658,4191.402,4192.027,07:30,07:00,06:00,499,BULL_TREND,1.313,4.708,BULLISH,BOS/BULLISH,4184.73,10,4178.73,36.08,2.32,NEUTRAL,TRANSITION,BULLISH,,COMPRESSION,BULLISH,TRANSITION,BULLISH,BOSR,bias NEUTRAL,bias NEUTRAL,no retest (closest 1.05 ATR vs 0.3),15m_low 5.51ATR;15m_high -2.69ATR;5m_low 2.69ATR;5m_high -2.75ATR,not eligible,,,,,,,,,,,,,WAIT,NO_ELIGIBLE_STRATEGY
2026-09-30T07:45,4191.863,4195.727,4191.191,4195.535,07:30,07:00,06:00,499,BULL_TREND,1.3,4.696,BULLISH,BOS/BULLISH,4184.73,11,4178.73,36.06,5.28,NEUTRAL,TRANSITION,BULLISH,,COMPRESSION,BULLISH,TRANSITION,BULLISH,BOSR,bias NEUTRAL,bias NEUTRAL,BOS 11 bars old (>10),15m_low 5.48ATR;15m_high -2.28ATR;5m_low 2.65ATR;5m_high 1.21ATR,not eligible,,,,,,,,,,,,,WAIT,NO_ELIGIBLE_STRATEGY
2026-09-30T07:50,4195.479,4197.218,4194.382,4195.173,07:30,07:00,06:00,499,BULL_TREND,1.256,4.563,BULLISH,BOS/BULLISH,4184.73,12,4178.73,36.31,4.45,NEUTRAL,TRANSITION,BULLISH,,COMPRESSION,BULLISH,TRANSITION,BULLISH,BOSR,bias NEUTRAL,bias NEUTRAL,BOS 12 bars old (>10),15m_low 6.34ATR;15m_high -2.68ATR;5m_low 3.43ATR;5m_high 0.92ATR,not eligible,,,,,,,,,,,,,WAIT,NO_ELIGIBLE_STRATEGY
2026-09-30T07:55,4195.291,4195.967,4192.055,4193.695,07:45,07:30,07:00,499,BULL_TREND,1.236,4.516,BULLISH,BOS/BULLISH,4184.73,13,4178.73,35.66,2.68,BULLISH,BULL_TREND,BULLISH,,COMPRESSION,BULLISH,TRANSITION,BULLISH,MCPBBOSR,closes not progressing,resolved 23 bars ago (late),BOS 13 bars old (>10),15m_low 5.89ATR;5m_low 2.95ATR,not eligible,,,,,,,,,,,,,WAIT,NO_ELIGIBLE_STRATEGY
2026-09-30T08:00,4193.426,4196.84,4192.721,4194.175,07:45,07:30,07:00,499,BULL_TREND,1.221,4.488,BULLISH,BOS/BULLISH,4184.73,14,4178.73,35.23,2.86,BULLISH,BULL_TREND,BULLISH,,COMPRESSION,BULLISH,TRANSITION,BULLISH,MCPBBOSR,closes not progressing,resolved 24 bars ago (late),BOS 14 bars old (>10),15m_low 6.07ATR;5m_low 3.12ATR,not eligible,,,,,,,,,,,,,WAIT,NO_ELIGIBLE_STRATEGY
2026-09-30T08:05,4194.408,4196.402,4193.112,4195.913,07:45,07:30,07:00,499,BULL_TREND,1.191,4.402,BULLISH,BOS/BULLISH,4184.73,15,4178.73,34.84,4.16,BULLISH,BULL_TREND,BULLISH,,COMPRESSION,BULLISH,TRANSITION,BULLISH,MCPBBOSR,close 4195.913 vs swing 4201.4 (short by 5.48),resolved 25 bars ago (late),BOS 15 bars old (>10),15m_low 6.28ATR;5m_low 3.27ATR,not eligible,,,,,,,,,,,,,WAIT,NO_ELIGIBLE_STRATEGY
2026-09-30T08:10,4195.61,4195.868,4193.489,4194.634,08:00,07:30,07:00,499,BULL_TREND,1.148,4.261,BULLISH,BOS/BULLISH,4184.73,16,4191.19,34.47,2.61,BULLISH,BULL_TREND,BULLISH,,COMPRESSION,BULLISH,TRANSITION,BULLISH,MCPBBOSR,closes not progressing,resolved 26 bars ago (late),BOS 16 bars old (>10),15m_low 6.57ATR;5m_low 0.54ATR,not eligible,,,,,,,,,,,,,WAIT,NO_ELIGIBLE_STRATEGY
2026-09-30T08:15,4194.685,4199.898,4193.441,4197.611,08:00,07:30,07:00,499,BULL_TREND,1.184,4.418,BULLISH,BOS/BULLISH,4184.73,17,4191.19,34.96,5.05,BULLISH,BULL_TREND,BULLISH,,COMPRESSION,BULLISH,TRANSITION,BULLISH,MCPBBOSR,closes not progressing,correction NONE,BOS 17 bars old (>10),15m_low 6.33ATR;5m_low 0.51ATR,not eligible,,,,,,,,,,,,,WAIT,NO_ELIGIBLE_STRATEGY
2026-09-30T08:20,4197.496,4201.372,4197.409,4200.374,08:00,07:30,07:00,499,BULL_TREND,1.169,4.385,BULLISH,BOS/BULLISH,4184.73,18,4191.19,35.67,7.07,BULLISH,BULL_TREND,BULLISH,,COMPRESSION,BULLISH,TRANSITION,BULLISH,MCPBBOSR,close 4200.374 vs swing 4201.4 (short by 1.02),correction NONE,BOS 18 bars old (>10),15m_low 7.28ATR;5m_low 1.42ATR,not eligible,,,,,,,,,,,,,WAIT,NO_ELIGIBLE_STRATEGY
2026-09-30T08:25,4200.304,4201.819,4198.394,4198.855,08:15,08:00,07:00,499,BULL_TREND,1.147,4.317,BULLISH,BOS/BULLISH,4184.73,19,4191.19,36.41,5.02,BULLISH,BULL_TREND,BULLISH,,COMPRESSION,BULLISH,TRANSITION,BULLISH,MCPBBOSR,closes not progressing,correction NONE,BOS 19 bars old (>10),15m_low 7.63ATR;5m_low 1.67ATR,not eligible,,,,,,,,,,,,,WAIT,NO_ELIGIBLE_STRATEGY
2026-09-30T08:30,4198.797,4201.192,4197.701,4200.311,08:15,08:00,07:00,499,BULL_TREND,1.126,4.258,BULLISH,BOS/BULLISH,4184.73,20,4191.19,36.76,5.86,BULLISH,BULL_TREND,BULLISH,,COMPRESSION,BULLISH,TRANSITION,BULLISH,MCPBBOSR,closes not progressing,correction NONE,BOS 20 bars old (>10),15m_low 7.57ATR;5m_low 1.53ATR,not eligible,,,,,,,,,,,,,WAIT,NO_ELIGIBLE_STRATEGY
2026-09-30T08:35,4200.593,4202.301,4199.501,4201.319,08:15,08:00,07:00,499,BULL_TREND,1.094,4.154,BULLISH,BOS/BULLISH,4184.73,21,4191.19,37.31,6.22,BULLISH,BULL_TREND,BULLISH,,COMPRESSION,BULLISH,TRANSITION,BULLISH,MCPBBOSR,close 4201.319 vs swing 4201.4 (short by 0.08),correction NONE,BOS 21 bars old (>10),15m_low 8.19ATR;5m_low 2ATR,not eligible,,,,,,,,,,,,,WAIT,NO_ELIGIBLE_STRATEGY
2026-09-30T08:40,4201.381,4201.559,4197.455,4198.026,08:30,08:00,07:00,499,BULL_TREND,1.091,4.15,BULLISH,BOS/BULLISH,4184.73,22,4191.19,36.85,2.65,BULLISH,BULL_TREND,BULLISH,,COMPRESSION,BULLISH,TRANSITION,BULLISH,MCPBBOSR,closes not progressing,resolved 32 bars ago (late),BOS 22 bars old (>10),15m_low 7.71ATR;5m_low 1.51ATR,not eligible,,,,,,,,,,,,,WAIT,NO_ELIGIBLE_STRATEGY
2026-09-30T08:45,4198.092,4199.551,4196.841,4197.43,08:30,08:00,07:00,499,BULL_TREND,1.06,4.047,BULLISH,BOS/BULLISH,4184.73,23,4191.19,36.16,1.85,BULLISH,BULL_TREND,BULLISH,,COMPRESSION,BULLISH,TRANSITION,BULLISH,MCPBBOSR,closes not progressing,resolved 33 bars ago (late),BOS 23 bars old (>10),15m_low 7.75ATR;5m_low 1.4ATR,not eligible,,,,,,,,,,,,,WAIT,NO_ELIGIBLE_STRATEGY
2026-09-30T08:50,4197.18,4198.004,4193.98,4194.486,08:30,08:00,07:00,499,BULL_TREND,1.057,4.046,BULLISH,BOS/BULLISH,4184.73,24,4191.19,34.35,-0.99,BULLISH,BULL_TREND,BULLISH,,COMPRESSION,BULLISH,TRANSITION,BULLISH,MCPBBOSR,closes not all beyond EMA20,correction ACTIVE,BOS 24 bars old (>10),15m_low 7.05ATR;5m_low 0.69ATR,not eligible,,,,,,,,,,,,,WAIT,NO_ELIGIBLE_STRATEGY
2026-09-30T08:55,4194.541,4194.545,4191.211,4191.863,08:45,08:30,08:00,499,BULL_TREND,1.042,3.995,BULLISH,BOS/BULLISH,4184.73,25,4191.19,32.05,-3.27,BULLISH,BULL_TREND,BULLISH,,BULL_TREND,BULLISH,TRANSITION,BULLISH,MCPBBOSR,closes not all beyond EMA20,correction ACTIVE,BOS 25 bars old (>10),15m_low 6.44ATR;5m_low 0.01ATR,not eligible,,,,,,,,,,,,,WAIT,NO_ELIGIBLE_STRATEGY
2026-09-30T09:00,4191.557,4193.584,4191.062,4193.433,08:45,08:30,08:00,499,BULL_TREND,1.012,3.89,BULLISH,BOS/BULLISH,4184.73,26,4191.19,29.97,-1.53,BULLISH,BULL_TREND,BULLISH,,BULL_TREND,BULLISH,TRANSITION,BULLISH,MCPBBOSR,closes not all beyond EMA20,correction ACTIVE,BOS 26 bars old (>10),15m_low 6.58ATR;5m_low -0.03ATR,not eligible,,,,,,,,,,,,,WAIT,NO_ELIGIBLE_STRATEGY
2026-09-30T09:05,4193.368,4195.375,4190.478,4191.451,08:45,08:30,08:00,499,BULL_TREND,1.029,3.962,BULLISH,BOS/BULLISH,4184.73,27,4191.19,28.22,-3.18,BULLISH,BULL_TREND,BULLISH,,BULL_TREND,BULLISH,TRANSITION,BULLISH,MCPBBOSR,closes not all beyond EMA20,correction ACTIVE,BOS 27 bars old (>10),15m_low 6.31ATR;5m_low -0.18ATR,not eligible,,,,,,,,,,,,,WAIT,NO_ELIGIBLE_STRATEGY
2026-09-30T09:10,4191.256,4191.902,4187.826,4190.58,09:00,08:30,08:00,499,BULL_TREND,1.029,3.97,BEARISH,CHOCH/BEARISH,4191.19,0,4202.3,26.67,-3.67,BULLISH,BULL_TREND,BULLISH,,BULL_TREND,BULLISH,TRANSITION,BULLISH,MCPBBOSR,closes not all beyond EMA20,correction ACTIVE,SELL not allowed,15m_low 5.63ATR;5m_low -0.85ATR,not eligible,,,,,,,,,,,,,WAIT,NO_ELIGIBLE_STRATEGY
2026-09-30T09:15,4190.521,4191.055,4188.404,4188.593,09:00,08:30,08:00,499,BULL_TREND,1.003,3.876,BEARISH,CHOCH/BEARISH,4191.19,1,4202.3,25.23,-5.11,BULLISH,BULL_TREND,BULLISH,,BULL_TREND,BULLISH,TRANSITION,BULLISH,MCPBBOSR,closes not all beyond EMA20,correction ACTIVE,SELL not allowed,15m_low 5.92ATR;5m_low -0.72ATR,not eligible,,,,,,,,,,,,,WAIT,NO_ELIGIBLE_STRATEGY
2026-09-30T09:20,4188.534,4189.127,4184.279,4185.223,09:00,08:30,08:00,499,TRANSITION,1.02,3.945,BEARISH,CHOCH/BEARISH,4191.19,2,4202.3,25.03,-7.68,BULLISH,BULL_TREND,BULLISH,,BULL_TREND,BULLISH,TRANSITION,BULLISH,MCPBBOSR,closes not all beyond EMA20,correction ACTIVE,SELL not allowed,15m_low 4.77ATR;5m_low -1.75ATR,not eligible,,,,,,,,,,,,,WAIT,NO_ELIGIBLE_STRATEGY
2026-09-30T09:25,4185.162,4187.998,4182.99,4185.733,09:15,09:00,08:00,499,TRANSITION,1.038,4.021,BEARISH,CHOCH/BEARISH,4191.19,3,4202.3,25.15,-6.48,BULLISH,BULL_TREND,BULLISH,,BULL_TREND,BULLISH,TRANSITION,BULLISH,MCPBBOSR,closes not all beyond EMA20,correction ACTIVE,SELL not allowed,15m_low 4.36ATR;5m_low -2.04ATR,not eligible,,,,,,,,,,,,,WAIT,NO_ELIGIBLE_STRATEGY
2026-09-30T09:30,4186.097,4190.601,4185.776,4189.823,09:15,09:00,08:00,499,TRANSITION,1.051,4.081,BEARISH,CHOCH/BEARISH,4191.19,4,4202.3,24.3,-2.17,BULLISH,BULL_TREND,BULLISH,,BULL_TREND,BULLISH,TRANSITION,BULLISH,MCPBBOSR,closes not all beyond EMA20,correction ACTIVE,SELL not allowed,15m_low 4.97ATR;5m_low -1.33ATR,not eligible,,,,,,,,,,,,,WAIT,NO_ELIGIBLE_STRATEGY
2026-09-30T09:35,4190.02,4190.028,4187.383,4187.408,09:15,09:00,08:00,499,TRANSITION,1.024,3.979,BEARISH,CHOCH/BEARISH,4191.19,5,4202.3,23.52,-4.14,BULLISH,BULL_TREND,BULLISH,,BULL_TREND,BULLISH,TRANSITION,BULLISH,MCPBBOSR,closes not all beyond EMA20,correction ACTIVE,SELL not allowed,15m_low 5.51ATR;5m_low -0.96ATR,not eligible,,,,,,,,,,,,,WAIT,NO_ELIGIBLE_STRATEGY
2026-09-30T09:40,4187.464,4188.44,4187.144,4188.271,09:30,09:00,08:00,499,TRANSITION,0.973,3.787,BEARISH,CHOCH/BEARISH,4191.19,6,4202.3,22.85,-2.97,BULLISH,BULL_TREND,BULLISH,,BULL_TREND,BULLISH,TRANSITION,BULLISH,MCPBBOSR,atrRatio 0.97<1,correction ACTIVE,SELL not allowed,15m_low 5.72ATR;5m_low -1.07ATR,not eligible,,,,,,,,,,,,,WAIT,NO_ELIGIBLE_STRATEGY
2026-09-30T09:45,4188.297,4189.517,4185.222,4187.443,09:30,09:00,08:00,499,TRANSITION,0.982,3.823,BEARISH,CHOCH/BEARISH,4191.19,7,4202.3,22.78,-3.44,BULLISH,BULL_TREND,BULLISH,,BULL_TREND,BULLISH,TRANSITION,BULLISH,MCPBBOSR,atrRatio 0.98<1,correction ACTIVE,SELL not allowed,15m_low 5.16ATR;5m_low -1.56ATR,not eligible,,,,,,,,,,,,,WAIT,NO_ELIGIBLE_STRATEGY
2026-09-30T09:50,4187.351,4188.254,4186.013,4187.36,09:30,09:00,08:00,499,TRANSITION,0.953,3.71,BEARISH,CHOCH/BEARISH,4191.19,8,4202.3,22.71,-3.18,BULLISH,BULL_TREND,BULLISH,,BULL_TREND,BULLISH,TRANSITION,BULLISH,MCPBBOSR,atrRatio 0.95<1,correction ACTIVE,SELL not allowed,15m_low 5.54ATR;5m_low 0.81ATR,not eligible,,,,,,,,,,,,,WAIT,NO_ELIGIBLE_STRATEGY
2026-09-30T09:55,4187.359,4189.111,4186.537,4188.006,09:45,09:30,09:00,499,TRANSITION,0.932,3.629,BEARISH,CHOCH/BEARISH,4191.19,9,4202.3,22.26,-2.3,NEUTRAL,RANGE,BULLISH,,BULL_TREND,BULLISH,TRANSITION,BULLISH,BOSRMR,bias NEUTRAL,bias NEUTRAL,would trigger,15m_low 5.8ATR;15m_high 3.63ATR;5m_low 0.98ATR;5m_high 3.63ATR,sweep 4 bars old,BO SELL,4188.01,4191.96,4184.05,4182.99,1.27,RR_NOT_ACCEPTABLE,,,,PASS,,WAIT,RR_NOT_ACCEPTABLE
2026-09-30T10:00,4187.758,4189.982,4186.541,4189.642,09:45,09:30,09:00,499,TRANSITION,0.928,3.616,BEARISH,CHOCH/BEARISH,4191.19,10,4202.3,21.47,-0.6,NEUTRAL,RANGE,BULLISH,,BULL_TREND,BULLISH,TRANSITION,BULLISH,BOSRMR,bias NEUTRAL,bias NEUTRAL,would trigger,15m_low 5.83ATR;15m_high 3.41ATR;5m_low 0.98ATR;5m_high 3.41ATR,sweep 5 bars old,BO SELL,4189.64,4191.96,4187.33,4182.99,2.87,OK,79,70,true,PASS,30m regime BULL_TREND AND 30m structure BULLISH both oppose a SELL (two-factor conflict),WAIT,ENTRY_CONFLICT
2026-09-30T10:05,4189.693,4190.622,4186.97,4187.604,09:45,09:30,09:00,499,TRANSITION,0.93,3.618,BEARISH,CHOCH/BEARISH,4191.19,11,4202.3,20.47,-2.38,NEUTRAL,RANGE,BULLISH,,BULL_TREND,BULLISH,TRANSITION,BULLISH,BOSRMR,bias NEUTRAL,bias NEUTRAL,CHOCH 11 bars old (>10),15m_low 5.94ATR;15m_high 3.23ATR;5m_low 1.1ATR;5m_high 3.23ATR,sweep fresh (other MR conditions),,,,,,,,,,,,,WAIT,NO_ELIGIBLE_STRATEGY
2026-09-30T10:10,4187.657,4189.015,4186.204,4186.896,10:00,09:30,09:00,499,RANGE,0.915,3.561,BEARISH,CHOCH/BEARISH,4191.19,12,4202.3,19.81,-2.8,NEUTRAL,RANGE,BULLISH,,BULL_TREND,BULLISH,TRANSITION,BULLISH,BOSRMR,bias NEUTRAL,bias NEUTRAL,CHOCH 12 bars old (>10),15m_low 5.82ATR;15m_high 3.73ATR;5m_low 0.9ATR;5m_high 3.73ATR,sweep fresh (other MR conditions),,,,,,,,,,,,,WAIT,NO_ELIGIBLE_STRATEGY
2026-09-30T10:15,4186.785,4188.399,4184.681,4185.159,10:00,09:30,09:00,499,TRANSITION,0.918,3.572,BEARISH,CHOCH/BEARISH,4191.19,13,4202.3,19.74,-4.1,NEUTRAL,RANGE,BULLISH,,BULL_TREND,BULLISH,TRANSITION,BULLISH,BOSRMR,bias NEUTRAL,bias NEUTRAL,CHOCH 13 bars old (>10),15m_low 5.38ATR;15m_high 3.89ATR;5m_low 0.47ATR;5m_high 3.89ATR,sweep fresh (other MR conditions),,,,,,,,,,,,,WAIT,NO_ELIGIBLE_STRATEGY
2026-09-30T10:20,4185.107,4188.865,4184.891,4186.58,10:00,09:30,09:00,499,RANGE,0.925,3.601,BEARISH,CHOCH/BEARISH,4191.19,14,4202.3,19.44,-2.43,NEUTRAL,RANGE,BULLISH,,BULL_TREND,BULLISH,TRANSITION,BULLISH,BOSRMR,bias NEUTRAL,bias NEUTRAL,CHOCH 14 bars old (>10),15m_low 5.39ATR;15m_high 3.73ATR;5m_low 0.53ATR;5m_high 3.73ATR,sweep fresh (other MR conditions),,,,,,,,,,,,,WAIT,NO_ELIGIBLE_STRATEGY
2026-09-30T10:25,4186.633,4190.454,4186.462,4188.082,10:15,10:00,09:00,499,RANGE,0.931,3.629,BEARISH,CHOCH/BEARISH,4191.19,15,4202.3,18.42,-0.84,NEUTRAL,RANGE,BULLISH,,BULL_TREND,BULLISH,TRANSITION,BULLISH,BOSRMR,bias NEUTRAL,bias NEUTRAL,CHOCH 15 bars old (>10),15m_low 5.78ATR;15m_high 3.26ATR;5m_low 0.96ATR;5m_high 3.26ATR,sweep 4 bars old,,,,,,,,,,,,,WAIT,NO_ELIGIBLE_STRATEGY
2026-09-30T10:30,4188.132,4189.178,4186.176,4186.483,10:15,10:00,09:00,499,COMPRESSION,0.92,3.584,BEARISH,CHOCH/BEARISH,4191.19,16,4190.62,17.59,-2.2,NEUTRAL,RANGE,BULLISH,,BULL_TREND,BULLISH,TRANSITION,BULLISH,BOSRMR,bias NEUTRAL,bias NEUTRAL,CHOCH 16 bars old (>10),15m_low 5.78ATR;15m_high 3.66ATR;5m_low 0.89ATR;5m_high 0.4ATR,sweep 5 bars old,,,,,,,,,,,,,WAIT,NO_ELIGIBLE_STRATEGY
2026-09-30T10:35,4186.18,4189.172,4186.132,4188.396,10:15,10:00,09:00,499,COMPRESSION,0.909,3.545,BEARISH,CHOCH/BEARISH,4191.19,17,4190.62,16.84,-0.26,NEUTRAL,RANGE,BULLISH,,BULL_TREND,BULLISH,TRANSITION,BULLISH,BOSRMR,bias NEUTRAL,bias NEUTRAL,CHOCH 17 bars old (>10),15m_low 5.83ATR;15m_high 3.7ATR;5m_low 0.89ATR;5m_high 0.41ATR,sweep 6 bars old,,,,,,,,,,,,,WAIT,NO_ELIGIBLE_STRATEGY
2026-09-30T10:40,4188.712,4188.968,4183.746,4183.935,10:30,10:00,09:00,499,COMPRESSION,0.941,3.665,BEARISH,CHOCH/BEARISH,4191.19,18,4190.62,17.08,-4.27,NEUTRAL,RANGE,BULLISH,,BULL_TREND,BULLISH,TRANSITION,BULLISH,BOSRMR,bias NEUTRAL,bias NEUTRAL,CHOCH 18 bars old (>10),15m_low 0.21ATR;15m_high 3.64ATR;5m_low 0.21ATR;5m_high 0.45ATR,sweep fresh (other MR conditions),,,,,,,,,,,,,WAIT,NO_ELIGIBLE_STRATEGY
2026-09-30T10:45,4184.03,4186.045,4182.403,4184.961,10:30,10:00,09:00,499,COMPRESSION,0.939,3.663,BEARISH,CHOCH/BEARISH,4191.19,19,4190.62,17.76,-2.94,NEUTRAL,RANGE,BULLISH,,BULL_TREND,BULLISH,TRANSITION,BULLISH,BOSRMR,bias NEUTRAL,bias NEUTRAL,CHOCH 19 bars old (>10),15m_low -0.16ATR;15m_high 4.44ATR;5m_low -0.16ATR;5m_high 1.25ATR,sweep fresh (other MR conditions),,,,,,,,,,,,,WAIT,NO_ELIGIBLE_STRATEGY
2026-09-30T10:50,4184.958,4185.077,4181.316,4184.14,10:30,10:00,09:00,499,COMPRESSION,0.941,3.67,BEARISH,CHOCH/BEARISH,4191.19,20,4190.62,18.73,-3.4,NEUTRAL,RANGE,BULLISH,,BULL_TREND,BULLISH,TRANSITION,BULLISH,BOSRMR,bias NEUTRAL,bias NEUTRAL,CHOCH 20 bars old (>10),15m_low -0.46ATR;15m_high 4.69ATR;5m_low -0.46ATR;5m_high 1.51ATR,sweep fresh (other MR conditions),,,,,,,,,,,,,WAIT,NO_ELIGIBLE_STRATEGY
2026-09-30T10:55,4184.39,4186.723,4183.133,4184.786,10:45,10:30,10:00,499,COMPRESSION,0.94,3.664,BEARISH,CHOCH/BEARISH,4191.19,21,4190.62,18.73,-2.49,NEUTRAL,RANGE,BULLISH,,BULL_TREND,BULLISH,TRANSITION,BULLISH,BOSRMR,bias NEUTRAL,bias NEUTRAL,CHOCH 21 bars old (>10),15m_low 0.04ATR;15m_high 4.25ATR;5m_low 0.04ATR;5m_high 1.06ATR,sweep fresh (other MR conditions),,,,,,,,,,,,,WAIT,NO_ELIGIBLE_STRATEGY
2026-09-30T11:00,4184.691,4185.463,4183.849,4184.28,10:45,10:30,10:00,499,COMPRESSION,0.903,3.518,BEARISH,CHOCH/BEARISH,4191.19,22,4190.62,18.74,-2.71,NEUTRAL,RANGE,BULLISH,,BULL_TREND,BULLISH,TRANSITION,BULLISH,BOSRMR,bias NEUTRAL,bias NEUTRAL,CHOCH 22 bars old (>10),15m_low 0.24ATR;15m_high 4.79ATR;5m_low 0.24ATR;5m_high 1.47ATR,sweep 4 bars old,,,,,,,,,,,,,WAIT,NO_ELIGIBLE_STRATEGY
2026-09-30T11:05,4184.137,4184.811,4179.735,4180.31,10:45,10:30,10:00,499,COMPRESSION,0.933,3.629,BEARISH,BOS/BEARISH,4182.99,0,4190.62,19.99,-6.05,NEUTRAL,RANGE,BULLISH,,BULL_TREND,BULLISH,TRANSITION,BULLISH,BOSRMR,bias NEUTRAL,bias NEUTRAL,no retest (closest null ATR vs 0.3),15m_low -0.9ATR;15m_high 4.82ATR;5m_low -0.9ATR;5m_high 1.6ATR,sweep 5 bars old,,,,,,,,,,,,,WAIT,NO_ELIGIBLE_STRATEGY
2026-09-30T11:10,4180.19,4180.868,4178.921,4180.018,11:00,10:30,10:00,499,BEAR_TREND,0.903,3.509,BEARISH,BOS/BEARISH,4182.99,1,4190.62,21.36,-5.74,NEUTRAL,TRANSITION,BEARISH,BEARISH 0b,BULL_TREND,BULLISH,TRANSITION,BULLISH,BOSR,bias NEUTRAL,bias NEUTRAL,no retest (closest 0.6 ATR vs 0.3),15m_low -1.16ATR;15m_high 6.11ATR;5m_low -1.16ATR;5m_high 2.78ATR,not eligible,,,,,,,,,,,,,WAIT,NO_ELIGIBLE_STRATEGY
2026-09-30T11:15,4180.283,4180.513,4177.713,4177.913,11:00,10:30,10:00,499,BEAR_TREND,0.891,3.458,BEARISH,BOS/BEARISH,4182.99,2,4190.62,22.92,-7.09,NEUTRAL,TRANSITION,BEARISH,BEARISH 0b,BULL_TREND,BULLISH,TRANSITION,BULLISH,BOSR,bias NEUTRAL,bias NEUTRAL,no retest (closest 0.61 ATR vs 0.3),15m_low -1.53ATR;15m_high 6.3ATR;5m_low -1.53ATR;5m_high 2.92ATR,not eligible,,,,,,,,,,,,,WAIT,NO_ELIGIBLE_STRATEGY
2026-09-30T11:20,4177.888,4182.417,4176.385,4182.007,11:00,10:30,10:00,499,BEAR_TREND,0.938,3.642,BEARISH,BOS/BEARISH,4182.99,3,4190.62,23.34,-2.71,NEUTRAL,TRANSITION,BEARISH,BEARISH 0b,BULL_TREND,BULLISH,TRANSITION,BULLISH,BOSR,bias NEUTRAL,bias NEUTRAL,would trigger,15m_low -1.81ATR;15m_high 5.46ATR;5m_low -1.81ATR;5m_high 2.25ATR,not eligible,BO SELL,4182.01,4183.83,4180.19,4178.73,1.8,OK,74,70,true,PASS,30m regime BULL_TREND AND 30m structure BULLISH both oppose a SELL (two-factor conflict),WAIT,ENTRY_CONFLICT
2026-09-30T11:25,4182.2,4184.938,4181.517,4183.544,11:15,11:00,10:00,499,BEAR_TREND,0.934,3.626,BEARISH,BOS/BEARISH,4182.99,4,4190.62,22.58,-1.06,NEUTRAL,TRANSITION,BEARISH,BEARISH 1b,RANGE,BULLISH,TRANSITION,BULLISH,BOSR,bias NEUTRAL,bias NEUTRAL,retested not reclaimed,15m_low -0.41ATR;15m_high 4.79ATR;5m_low -0.41ATR;5m_high 1.57ATR,not eligible,,,,,,,,,,,,,WAIT,NO_ELIGIBLE_STRATEGY
2026-09-30T11:30,4183.344,4186.679,4182.468,4186.477,11:15,11:00,10:00,499,BEAR_TREND,0.945,3.668,BEARISH,BOS/BEARISH,4182.99,5,4190.62,21.18,1.69,NEUTRAL,TRANSITION,BEARISH,BEARISH 1b,RANGE,BULLISH,TRANSITION,BULLISH,BOSR,bias NEUTRAL,bias NEUTRAL,retested not reclaimed,15m_low -0.14ATR;15m_high 4.26ATR;5m_low -0.14ATR;5m_high 1.07ATR,not eligible,,,,,,,,,,,,,WAIT,NO_ELIGIBLE_STRATEGY
2026-09-30T11:35,4186.455,4192.414,4185.936,4189.661,11:15,11:00,10:00,499,BEAR_TREND,0.995,3.869,BEARISH,BOS/BEARISH,4182.99,6,4190.62,21.16,4.41,NEUTRAL,TRANSITION,BEARISH,BEARISH 1b,RANGE,BULLISH,TRANSITION,BULLISH,BOSR,bias NEUTRAL,bias NEUTRAL,retested not reclaimed,15m_low 0.76ATR;15m_high 2.56ATR;5m_low 0.76ATR;5m_high -0.46ATR,not eligible,,,,,,,,,,,,,WAIT,NO_ELIGIBLE_STRATEGY
2026-09-30T11:40,4189.677,4190.21,4186.183,4186.669,11:30,11:00,10:00,499,BEAR_TREND,0.998,3.88,BEARISH,BOS/BEARISH,4182.99,7,4190.62,21.14,1.28,NEUTRAL,RANGE,BEARISH,BEARISH 2b,RANGE,BULLISH,TRANSITION,BULLISH,BOSRMR,bias NEUTRAL,bias NEUTRAL,retested not reclaimed,15m_low 0.82ATR;15m_high 3.12ATR;5m_low 0.82ATR;5m_high 0.11ATR,sweep 4 bars old,,,,,,,,,,,,,WAIT,NO_ELIGIBLE_STRATEGY
2026-09-30T11:45,4186.405,4187.131,4183.178,4185.056,11:30,11:00,10:00,499,BEAR_TREND,0.999,3.885,BEARISH,BOS/BEARISH,4182.99,8,4190.62,20.05,-0.3,NEUTRAL,RANGE,BEARISH,BEARISH 2b,RANGE,BULLISH,TRANSITION,BULLISH,BOSRMR,bias NEUTRAL,bias NEUTRAL,retested not reclaimed,15m_low 0.05ATR;15m_high 3.9ATR;5m_low 1.75ATR;5m_high 0.9ATR,sweep 5 bars old,,,,,,,,,,,,,WAIT,NO_ELIGIBLE_STRATEGY
2026-09-30T11:50,4184.796,4186.899,4183.952,4185.68,11:30,11:00,10:00,499,RANGE,0.981,3.818,BEARISH,BOS/BEARISH,4182.99,9,4190.62,19.04,0.29,NEUTRAL,RANGE,BEARISH,BEARISH 2b,RANGE,BULLISH,TRANSITION,BULLISH,BOSRMR,bias NEUTRAL,bias NEUTRAL,retested not reclaimed,15m_low 0.25ATR;15m_high 4.03ATR;5m_low 1.98ATR;5m_high 0.98ATR,sweep 6 bars old,,,,,,,,,,,,,WAIT,NO_ELIGIBLE_STRATEGY
2026-09-30T11:55,4185.731,4186.876,4183.837,4186.468,11:45,11:30,11:00,499,RANGE,0.967,3.763,BEARISH,BOS/BEARISH,4182.99,10,4190.62,18.07,0.98,NEUTRAL,RANGE,BEARISH,BEARISH 3b,RANGE,BULLISH,TRANSITION,BULLISH,BOSRMR,bias NEUTRAL,bias NEUTRAL,retested not reclaimed,15m_low 0.23ATR;15m_high 4.1ATR;5m_low 1.98ATR;5m_high 1ATR,sweep 7 bars old,,,,,,,,,,,,,WAIT,NO_ELIGIBLE_STRATEGY
2026-09-30T12:00,4186.417,4189.327,4185.033,4188.67,11:45,11:30,11:00,499,TRANSITION,0.976,3.801,BEARISH,BOS/BEARISH,4182.99,11,4192.41,17.91,2.88,NEUTRAL,RANGE,BEARISH,BEARISH 3b,RANGE,BULLISH,TRANSITION,BULLISH,BOSRMR,bias NEUTRAL,bias NEUTRAL,BOS 11 bars old (>10),15m_low 0.54ATR;15m_high 3.41ATR;5m_low 2.28ATR;5m_high 0.81ATR,sweep 8 bars old,,,,,,,,,,,,,WAIT,NO_ELIGIBLE_STRATEGY
2026-09-30T12:05,4188.524,4188.933,4185.301,4188.616,11:45,11:30,11:00,499,TRANSITION,0.972,3.789,BEARISH,BOS/BEARISH,4182.99,12,4192.41,17.77,2.56,NEUTRAL,RANGE,BEARISH,BEARISH 3b,RANGE,BULLISH,TRANSITION,BULLISH,BOSRMR,bias NEUTRAL,bias NEUTRAL,BOS 12 bars old (>10),15m_low 0.61ATR;15m_high 3.53ATR;5m_low 2.35ATR;5m_high 0.92ATR,sweep 9 bars old,,,,,,,,,,,,,WAIT,NO_ELIGIBLE_STRATEGY
2026-09-30T12:10,4188.668,4194.744,4188.273,4194.431,12:00,11:30,11:00,499,TRANSITION,1.019,3.98,BULLISH,BOS/BULLISH,4192.41,0,4176.39,19.04,7.57,NEUTRAL,TRANSITION,BEARISH,,RANGE,BULLISH,TRANSITION,BULLISH,BOSR,bias NEUTRAL,bias NEUTRAL,no retest (closest null ATR vs 0.3),15m_low 1.33ATR;15m_high 1.9ATR;5m_low 2.99ATR;5m_high -0.59ATR,not eligible,,,,,,,,,,,,,WAIT,NO_ELIGIBLE_STRATEGY
2026-09-30T12:15,4194.435,4194.435,4189.049,4189.387,12:00,11:30,11:00,499,TRANSITION,1.044,4.081,BULLISH,BOS/BULLISH,4192.41,1,4176.39,20.22,2.29,NEUTRAL,TRANSITION,BEARISH,,RANGE,BULLISH,TRANSITION,BULLISH,BOSR,bias NEUTRAL,bias NEUTRAL,retested not reclaimed,15m_low 1.48ATR;15m_high 1.93ATR;5m_low 3.1ATR;5m_high -0.5ATR,not eligible,,,,,,,,,,,,,WAIT,NO_ELIGIBLE_STRATEGY
2026-09-30T12:20,4189.438,4191.198,4182.767,4190.218,12:00,11:30,11:00,499,RANGE,1.121,4.391,BULLISH,BOS/BULLISH,4192.41,2,4176.39,19.12,2.82,NEUTRAL,TRANSITION,BEARISH,,RANGE,BULLISH,TRANSITION,BULLISH,BOSR,bias NEUTRAL,bias NEUTRAL,retested not reclaimed,15m_low -0.05ATR;15m_high 2.53ATR;5m_low 1.45ATR;5m_high 0.28ATR,not eligible,SR BUY,4190.22,4181.67,4198.77,4201.4,1.31,RR_NOT_ACCEPTABLE,,,,PASS,,WAIT,RR_NOT_ACCEPTABLE
2026-09-30T12:25,4190.413,4193.314,4187.856,4193.314,12:15,12:00,11:00,499,RANGE,1.137,4.468,BULLISH,BOS/BULLISH,4192.41,3,4176.39,18.62,5.35,NEUTRAL,RANGE,BEARISH,,RANGE,BULLISH,TRANSITION,BULLISH,BOSRMR,bias NEUTRAL,bias NEUTRAL,would trigger,15m_low 1.09ATR;15m_high 2.01ATR;5m_low 2.57ATR;5m_high -0.2ATR,sweep fresh (other MR conditions),BO BUY,4193.31,4181.65,4204.98,4216.64,2,OK,82,70,true,PASS,,BUY,
2026-09-30T12:30,4193.243,4219.077,4192.411,4214.718,12:15,12:00,11:00,499,HIGH_VOLATILITY,1.522,6.053,BULLISH,BOS/BULLISH,4192.41,4,4176.39,21.28,24.21,NEUTRAL,RANGE,BEARISH,,RANGE,BULLISH,TRANSITION,BULLISH,BOSRMR,bias NEUTRAL,bias NEUTRAL,would trigger,15m_low 1.56ATR;15m_high -2.77ATR;5m_low 2.65ATR;5m_high -4.4ATR,sweep fresh (other MR conditions),BO BUY,,,,,,OVEREXTENDED,,,,FAIL,,WAIT,OVEREXTENDED
2026-09-30T12:35,4214.831,4219.325,4204.586,4205.274,12:15,12:00,11:00,499,HIGH_VOLATILITY,1.668,6.674,BULLISH,BOS/BULLISH,4192.41,5,4176.39,23.78,13.36,NEUTRAL,RANGE,BEARISH,,RANGE,BULLISH,TRANSITION,BULLISH,BOSRMR,bias NEUTRAL,bias NEUTRAL,would trigger,15m_low 3.24ATR;15m_high -2.55ATR;5m_low 4.23ATR;5m_high -4.03ATR,sweep 4 bars old,BO BUY,4205.27,4181.1,4229.45,4253.62,2,OK,66,70,false,PASS,,WAIT,NO_GOOD_ENTRY
2026-09-30T12:40,4205.342,4216.418,4205.342,4214.578,12:30,12:00,11:00,499,HIGH_VOLATILITY,1.729,6.993,BULLISH,BOS/BULLISH,4192.41,6,4176.39,26.1,20.51,NEUTRAL,TRANSITION,BEARISH,,RANGE,BULLISH,TRANSITION,BULLISH,BOSR,bias NEUTRAL,bias NEUTRAL,would trigger,15m_low 4.14ATR;15m_high -2.02ATR;5m_low 4.14ATR;5m_high -3.43ATR,not eligible,BO BUY,,,,,,OVEREXTENDED,,,,FAIL,,WAIT,OVEREXTENDED
2026-09-30T12:45,4214.655,4218.898,4207.006,4210.572,12:30,12:00,11:00,499,HIGH_VOLATILITY,1.799,7.343,BULLISH,BOS/BULLISH,4192.41,7,4182.77,28.42,14.93,NEUTRAL,TRANSITION,BEARISH,,RANGE,BULLISH,TRANSITION,BULLISH,BOSR,bias NEUTRAL,bias NEUTRAL,would trigger,15m_low 4.17ATR;15m_high -2.26ATR;5m_low 3.3ATR;5m_high -3.61ATR,not eligible,BO BUY,4210.57,4180.93,4240.21,4269.85,2,OK,61,70,false,PASS,,WAIT,NO_GOOD_ENTRY
2026-09-30T12:50,4210.624,4213.704,4206.395,4212.31,12:30,12:00,11:00,499,HIGH_VOLATILITY,1.779,7.34,BULLISH,BOS/BULLISH,4192.41,8,4182.77,30.42,15.08,NEUTRAL,TRANSITION,BEARISH,,RANGE,BULLISH,TRANSITION,BULLISH,BOSR,bias NEUTRAL,bias NEUTRAL,would trigger,15m_low 4.09ATR;15m_high -1.55ATR;5m_low 3.22ATR;5m_high -2.9ATR,not eligible,BO BUY,,,,,,OVEREXTENDED,,,,FAIL,,WAIT,OVEREXTENDED
2026-09-30T12:55,4212.366,4216.349,4206.162,4208.376,12:45,12:30,12:00,499,HIGH_VOLATILITY,1.812,7.544,BULLISH,BOS/BULLISH,4192.41,9,4182.77,32.47,10.08,NEUTRAL,TRANSITION,BEARISH,,TRANSITION,,BULL_TREND,BULLISH,BOSR,bias NEUTRAL,bias NEUTRAL,would trigger,15m_low 3.95ATR;15m_high -1.86ATR;5m_low 3.1ATR;5m_high -3.17ATR,not eligible,BO BUY,4208.38,4180.88,4235.87,4263.37,2,OK,63,65,false,PASS,,WAIT,NO_GOOD_ENTRY
2026-09-30T13:00,4208.432,4214.589,4206.785,4208.667,12:45,12:30,12:00,499,HIGH_VOLATILITY,1.798,7.562,BULLISH,BOS/BULLISH,4192.41,10,4182.77,34.37,9.39,NEUTRAL,TRANSITION,BEARISH,,TRANSITION,,BULL_TREND,BULLISH,BOSR,bias NEUTRAL,bias NEUTRAL,would trigger,15m_low 4.02ATR;15m_high -1.62ATR;5m_low 3.18ATR;5m_high 0.63ATR,not eligible,BO BUY,4208.67,4180.88,4236.46,4264.25,2,OK,63,65,false,PASS,,WAIT,NO_GOOD_ENTRY
2026-09-30T13:05,4208.717,4211.93,4205.065,4207.282,12:45,12:30,12:00,499,HIGH_VOLATILITY,1.769,7.513,BULLISH,BOS/BULLISH,4192.41,11,4182.77,35.62,7.24,NEUTRAL,TRANSITION,BEARISH,,TRANSITION,,BULL_TREND,BULLISH,BOSR,bias NEUTRAL,bias NEUTRAL,BOS 11 bars old (>10),15m_low 3.82ATR;15m_high -1.28ATR;5m_low 2.97ATR;5m_high 0.98ATR,not eligible,,,,,,,,,,,,,WAIT,NO_ELIGIBLE_STRATEGY
2026-09-30T13:10,4207.073,4207.215,4201.739,4202.751,13:00,12:30,12:00,499,HIGH_VOLATILITY,1.721,7.372,BULLISH,BOS/BULLISH,4192.41,12,4182.77,35.82,2.45,NEUTRAL,TRANSITION,BEARISH,,TRANSITION,,BULL_TREND,BULLISH,BOSR,bias NEUTRAL,bias NEUTRAL,BOS 12 bars old (>10),15m_low 3.44ATR;15m_high -0.67ATR;5m_low 2.57ATR;5m_high 1.64ATR,not eligible,,,,,,,,,,,,,WAIT,NO_ELIGIBLE_STRATEGY
2026-09-30T13:15,4202.7,4203.967,4194.33,4195.941,13:00,12:30,12:00,499,HIGH_VOLATILITY,1.744,7.534,BULLISH,BOS/BULLISH,4192.41,13,4182.77,34.29,-3.94,NEUTRAL,TRANSITION,BEARISH,,TRANSITION,,BULL_TREND,BULLISH,BOSR,bias NEUTRAL,bias NEUTRAL,BOS 13 bars old (>10),15m_low 2.38ATR;15m_high -0.22ATR;5m_low 1.53ATR;5m_high 2.04ATR,not eligible,,,,,,,,,,,,,WAIT,NO_ELIGIBLE_STRATEGY
2026-09-30T13:20,4195.992,4197.544,4190.937,4193.638,13:00,12:30,12:00,499,HIGH_VOLATILITY,1.712,7.467,BULLISH,BOS/BULLISH,4192.41,14,4182.77,32.22,-5.65,NEUTRAL,TRANSITION,BEARISH,,TRANSITION,,BULL_TREND,BULLISH,BOSR,bias NEUTRAL,bias NEUTRAL,BOS 14 bars old (>10),15m_low 1.95ATR;15m_high 0.64ATR;5m_low 1.09ATR;5m_high 2.92ATR,not eligible,,,,,,,,,,,,,WAIT,NO_ELIGIBLE_STRATEGY
2026-09-30T13:25,4193.587,4197.464,4192.832,4193.311,13:15,13:00,12:00,499,HIGH_VOLATILITY,1.651,7.265,BULLISH,BOS/BULLISH,4192.41,15,4182.77,30.3,-5.41,NEUTRAL,TRANSITION,BEARISH,,BULL_TREND,BULLISH,BULL_TREND,BULLISH,BOSR,bias NEUTRAL,bias NEUTRAL,BOS 15 bars old (>10),15m_low 2.26ATR;15m_high 0.67ATR;5m_low 1.39ATR;5m_high 3.01ATR,not eligible,,,,,,,,,,,,,WAIT,NO_ELIGIBLE_STRATEGY
2026-09-30T13:30,4193.577,4195.565,4187.985,4193.013,13:15,13:00,12:00,499,HIGH_VOLATILITY,1.642,7.287,BULLISH,BOS/BULLISH,4192.41,16,4182.77,28.62,-5.16,NEUTRAL,TRANSITION,BEARISH,,BULL_TREND,BULLISH,BULL_TREND,BULLISH,BOSR,bias NEUTRAL,bias NEUTRAL,BOS 16 bars old (>10),15m_low 1.59ATR;15m_high 0.92ATR;5m_low 0.72ATR;5m_high 3.26ATR,not eligible,,,,,,,,,,,,,WAIT,NO_ELIGIBLE_STRATEGY
2026-09-30T13:35,4192.96,4194.008,4183.882,4186.554,13:15,13:00,12:00,499,HIGH_VOLATILITY,1.676,7.49,BULLISH,BOS/BULLISH,4192.41,17,4182.77,27.71,-10.52,NEUTRAL,TRANSITION,BEARISH,,BULL_TREND,BULLISH,BULL_TREND,BULLISH,BOSR,bias NEUTRAL,bias NEUTRAL,BOS 17 bars old (>10),15m_low 1ATR;15m_high 1.11ATR;5m_low 0.15ATR;5m_high 3.38ATR,not eligible,,,,,,,,,,,,,WAIT,NO_ELIGIBLE_STRATEGY
2026-09-30T13:40,4186.504,4188.258,4181.638,4183.614,13:30,13:00,12:00,499,HIGH_VOLATILITY,1.649,7.428,BULLISH,BOS/BULLISH,4192.41,18,4182.77,27.17,-12.17,NEUTRAL,RANGE,BEARISH,,BULL_TREND,BULLISH,BULL_TREND,BULLISH,BOSRMR,bias NEUTRAL,bias NEUTRAL,BOS 18 bars old (>10),15m_low 0.71ATR;15m_high 1.89ATR;5m_low -0.15ATR;5m_high 4.18ATR,sweep fresh (other MR conditions),,,,,,,,,,,,,WAIT,NO_ELIGIBLE_STRATEGY
2026-09-30T13:45,4183.489,4185.14,4177.298,4180.728,13:30,13:00,12:00,499,HIGH_VOLATILITY,1.643,7.458,BEARISH,CHOCH/BEARISH,4182.77,0,4219.33,27.25,-13.63,NEUTRAL,RANGE,BEARISH,,BULL_TREND,BULLISH,BULL_TREND,BULLISH,BOSRMR,bias NEUTRAL,bias NEUTRAL,no retest (closest null ATR vs 0.3),15m_low 0.12ATR;15m_high 2.3ATR;5m_low -0.73ATR;5m_high 4.58ATR,sweep fresh (other MR conditions),,,,,,,,,,,,,WAIT,NO_ELIGIBLE_STRATEGY
2026-09-30T13:50,4180.674,4183.062,4176.481,4182.379,13:30,13:00,12:00,499,HIGH_VOLATILITY,1.617,7.395,BEARISH,CHOCH/BEARISH,4182.77,1,4219.33,27.42,-10.83,NEUTRAL,RANGE,BEARISH,,BULL_TREND,BULLISH,BULL_TREND,BULLISH,BOSRMR,bias NEUTRAL,bias NEUTRAL,would trigger,15m_low 0.01ATR;15m_high 2.6ATR;5m_low -0.85ATR;5m_high 4.9ATR,sweep fresh (other MR conditions),BO SELL,4182.38,4186.08,4178.68,4176.39,1.62,RR_NOT_ACCEPTABLE,,,,PASS,,WAIT,RR_NOT_ACCEPTABLE
2026-09-30T13:55,4182.513,4183.924,4177.186,4177.363,13:45,13:30,13:00,499,HIGH_VOLATILITY,1.597,7.348,BEARISH,CHOCH/BEARISH,4182.77,2,4219.33,27.37,-14.34,NEUTRAL,RANGE,BEARISH,,BULL_TREND,BULLISH,BULL_TREND,BULLISH,BOSRMR,bias NEUTRAL,bias NEUTRAL,would trigger,15m_low 0.11ATR;15m_high 4.82ATR;5m_low -0.76ATR;5m_high 4.82ATR,sweep 4 bars old,BO SELL,4177.36,4185.76,4168.96,4165.47,1.42,RR_NOT_ACCEPTABLE,,,,PASS,,WAIT,RR_NOT_ACCEPTABLE
2026-09-30T14:00,4177.608,4179.331,4174.035,4178.74,13:45,13:30,13:00,499,HIGH_VOLATILITY,1.554,7.201,BEARISH,CHOCH/BEARISH,4182.77,3,4219.33,27.75,-11.73,NEUTRAL,RANGE,BEARISH,,BULL_TREND,BULLISH,BULL_TREND,BULLISH,BOSRMR,bias NEUTRAL,bias NEUTRAL,would trigger,15m_low -0.33ATR;15m_high 5.55ATR;5m_low -1.21ATR;5m_high 5.55ATR,sweep fresh (other MR conditions),BO SELL,4178.74,4185.72,4171.76,4165.47,1.9,OK,57,70,false,PASS,,WAIT,NO_GOOD_ENTRY
2026-09-30T14:05,4178.43,4183.069,4175.428,4181.498,13:45,13:30,13:00,499,HIGH_VOLATILITY,1.549,7.233,BEARISH,CHOCH/BEARISH,4182.77,4,4219.33,27.22,-8.12,NEUTRAL,RANGE,BEARISH,,BULL_TREND,BULLISH,BULL_TREND,BULLISH,BOSRMR,bias NEUTRAL,bias NEUTRAL,would trigger,15m_low -0.13ATR;15m_high 5.01ATR;5m_low -1.01ATR;5m_high 5.01ATR,sweep fresh (other MR conditions),BO SELL,4181.5,4185.73,4177.26,4176.39,1.21,RR_NOT_ACCEPTABLE,,,,PASS,,WAIT,RR_NOT_ACCEPTABLE
2026-09-30T14:10,4181.638,4183.701,4178.446,4180.477,14:00,13:30,13:00,499,HIGH_VOLATILITY,1.509,7.092,BEARISH,CHOCH/BEARISH,4182.77,5,4219.33,26.59,-8.27,NEUTRAL,TRANSITION,BEARISH,,BULL_TREND,BULLISH,BULL_TREND,BULLISH,BOSR,bias NEUTRAL,bias NEUTRAL,would trigger,15m_low 0.29ATR;15m_high 5.02ATR;5m_low -0.61ATR;5m_high 5.02ATR,not eligible,BO SELL,4180.48,4185.7,4175.26,4165.47,2.87,OK,65,70,false,PASS,,WAIT,NO_GOOD_ENTRY
2026-09-30T14:15,4180.536,4183.069,4173.476,4177.41,14:00,13:30,13:00,499,HIGH_VOLATILITY,1.538,7.27,BEARISH,CHOCH/BEARISH,4182.77,6,4219.33,26.72,-10.26,NEUTRAL,TRANSITION,BEARISH,,BULL_TREND,BULLISH,BULL_TREND,BULLISH,BOSR,bias NEUTRAL,bias NEUTRAL,would trigger,15m_low -0.4ATR;15m_high 4.99ATR;5m_low -1.28ATR;5m_high 4.99ATR,not eligible,BO SELL,4177.41,4185.74,4169.08,4165.47,1.43,RR_NOT_ACCEPTABLE,,,,PASS,,WAIT,RR_NOT_ACCEPTABLE
2026-09-30T14:20,4177.36,4180.205,4172.378,4173.678,14:00,13:30,13:00,499,HIGH_VOLATILITY,1.538,7.31,BEARISH,CHOCH/BEARISH,4182.77,7,4219.33,26.98,-12.66,NEUTRAL,TRANSITION,BEARISH,,BULL_TREND,BULLISH,BULL_TREND,BULLISH,BOSR,bias NEUTRAL,bias NEUTRAL,would trigger,15m_low -0.55ATR;15m_high 5.35ATR;5m_low -1.42ATR;5m_high 5.35ATR,not eligible,BO SELL,4173.68,4185.75,4161.6,4149.53,2,OK,54,70,false,PASS,,WAIT,NO_GOOD_ENTRY
2026-09-30T14:25,4173.812,4174.27,4169.849,4171.39,14:15,14:00,13:00,499,BEAR_TREND,1.486,7.104,BEARISH,CHOCH/BEARISH,4182.77,8,4219.33,27.56,-13.52,NEUTRAL,TRANSITION,BEARISH,,RANGE,BEARISH,BULL_TREND,BULLISH,BOSR,bias NEUTRAL,bias NEUTRAL,would trigger,15m_low -0.92ATR;15m_high 6.34ATR;5m_low -1.82ATR;5m_high 6.34ATR,not eligible,BO SELL,4171.39,4185.7,4157.08,4142.77,2,OK,60,70,false,PASS,,WAIT,NO_GOOD_ENTRY
2026-09-30T14:30,4171.189,4175.12,4166.501,4170.01,14:15,14:00,13:00,499,BEAR_TREND,1.499,7.212,BEARISH,CHOCH/BEARISH,4182.77,9,4219.33,28.49,-13.48,NEUTRAL,TRANSITION,BEARISH,,RANGE,BEARISH,BULL_TREND,BULLISH,BOSR,bias NEUTRAL,bias NEUTRAL,would trigger,15m_low -1.37ATR;15m_high 6.13ATR;5m_low -2.26ATR;5m_high 6.13ATR,not eligible,BO SELL,4170.01,4185.73,4154.29,4138.58,2,OK,59,70,false,PASS,,WAIT,NO_GOOD_ENTRY
2026-09-30T14:35,4170.081,4171.767,4164.043,4168.055,14:15,14:00,13:00,499,BEAR_TREND,1.498,7.248,BEARISH,CHOCH/BEARISH,4182.77,10,4219.33,29.63,-13.97,NEUTRAL,TRANSITION,BEARISH,,RANGE,BEARISH,BULL_TREND,BULLISH,BOSR,bias NEUTRAL,bias NEUTRAL,would trigger,15m_low -1.7ATR;15m_high 6.56ATR;5m_low -2.58ATR;5m_high 6.56ATR,not eligible,BO SELL,4168.06,4185.74,4150.37,4132.69,2,OK,57,70,false,PASS,,WAIT,NO_GOOD_ENTRY
2026-09-30T14:40,4168.335,4173.348,4166.458,4169.509,14:30,14:00,13:00,499,BEAR_TREND,1.483,7.223,BEARISH,CHOCH/BEARISH,4182.77,11,4219.33,30.25,-11.32,NEUTRAL,TRANSITION,BEARISH,,RANGE,BEARISH,BULL_TREND,BULLISH,BOSR,bias NEUTRAL,bias NEUTRAL,CHOCH 11 bars old (>10),15m_low -1.37ATR;15m_high 6.37ATR;5m_low -2.26ATR;5m_high 6.37ATR,not eligible,,,,,,,,,,,,,WAIT,NO_ELIGIBLE_STRATEGY
2026-09-30T14:45,4169.441,4174.174,4168.62,4172.93,14:30,14:00,13:00,499,BEAR_TREND,1.448,7.104,BEARISH,CHOCH/BEARISH,4182.77,12,4219.33,30.59,-7.15,NEUTRAL,TRANSITION,BEARISH,,RANGE,BEARISH,BULL_TREND,BULLISH,BOSR,bias NEUTRAL,bias NEUTRAL,CHOCH 12 bars old (>10),15m_low -1.09ATR;15m_high 6.36ATR;5m_low -1.99ATR;5m_high 6.36ATR,not eligible,,,,,,,,,,,,,WAIT,NO_ELIGIBLE_STRATEGY
2026-09-30T14:50,4172.878,4176.993,4168.349,4175.447,14:30,14:00,13:00,499,BEAR_TREND,1.46,7.214,BEARISH,CHOCH/BEARISH,4182.77,13,4219.33,30.15,-4.19,NEUTRAL,TRANSITION,BEARISH,,RANGE,BEARISH,BULL_TREND,BULLISH,BOSR,bias NEUTRAL,bias NEUTRAL,CHOCH 13 bars old (>10),15m_low -1.11ATR;15m_high 5.87ATR;5m_low -2ATR;5m_high 5.87ATR,not eligible,,,,,,,,,,,,,WAIT,NO_ELIGIBLE_STRATEGY
2026-09-30T14:55,4175.292,4176.682,4164.906,4165.509,14:45,14:30,14:00,499,HIGH_VOLATILITY,1.518,7.54,BEARISH,CHOCH/BEARISH,4182.77,14,4219.33,30.25,-12.78,NEUTRAL,TRANSITION,BEARISH,,RANGE,BEARISH,COMPRESSION,BULLISH,BOSR,bias NEUTRAL,bias NEUTRAL,CHOCH 14 bars old (>10),15m_low -1.52ATR;15m_high 5.66ATR;5m_low -2.37ATR;5m_high 5.66ATR,not eligible,,,,,,,,,,,,,WAIT,NO_ELIGIBLE_STRATEGY
2026-09-30T15:00,4165.56,4168.101,4161.892,4167.707,14:45,14:30,14:00,499,BEAR_TREND,1.488,7.445,BEARISH,CHOCH/BEARISH,4182.77,15,4219.33,30.74,-9.58,NEUTRAL,TRANSITION,BEARISH,,RANGE,BEARISH,COMPRESSION,BULLISH,BOSR,bias NEUTRAL,bias NEUTRAL,CHOCH 15 bars old (>10),15m_low -1.95ATR;15m_high 6.88ATR;5m_low -2.8ATR;5m_high 6.88ATR,not eligible,,,,,,,,,,,,,WAIT,NO_ELIGIBLE_STRATEGY
2026-09-30T15:05,4167.524,4168.206,4159.472,4162.358,14:45,14:30,14:00,499,BEAR_TREND,1.497,7.537,BEARISH,CHOCH/BEARISH,4182.77,16,4219.33,31.49,-13.5,NEUTRAL,TRANSITION,BEARISH,,RANGE,BEARISH,COMPRESSION,BULLISH,BOSR,bias NEUTRAL,bias NEUTRAL,CHOCH 16 bars old (>10),15m_low -2.24ATR;15m_high 6.78ATR;5m_low -3.09ATR;5m_high 6.78ATR,not eligible,,,,,,,,,,,,,WAIT,NO_ELIGIBLE_STRATEGY
2026-09-30T15:10,4162.41,4165.589,4157.905,4164.043,15:00,14:30,14:00,499,BEAR_TREND,1.489,7.547,BEARISH,CHOCH/BEARISH,4182.77,17,4219.33,32.37,-10.69,NEUTRAL,TRANSITION,BEARISH,,RANGE,BEARISH,COMPRESSION,BULLISH,BOSR,bias NEUTRAL,bias NEUTRAL,CHOCH 17 bars old (>10),15m_low -2.45ATR;15m_high 7.12ATR;5m_low -3.29ATR;5m_high 7.12ATR,not eligible,,,,,,,,,,,,,WAIT,NO_ELIGIBLE_STRATEGY
2026-09-30T15:15,4164.097,4165.747,4158.543,4159.651,15:00,14:30,14:00,499,BEAR_TREND,1.477,7.523,BEARISH,CHOCH/BEARISH,4182.77,18,4176.99,33.14,-13.65,NEUTRAL,TRANSITION,BEARISH,,RANGE,BEARISH,COMPRESSION,BULLISH,BOSR,bias NEUTRAL,bias NEUTRAL,CHOCH 18 bars old (>10),15m_low -2.37ATR;15m_high 7.12ATR;5m_low -3.22ATR;5m_high 1.49ATR,not eligible,,,,,,,,,,,,,WAIT,NO_ELIGIBLE_STRATEGY
2026-09-30T15:20,4159.701,4160.102,4155.583,4155.702,15:00,14:30,14:00,499,BEAR_TREND,1.428,7.308,BEARISH,CHOCH/BEARISH,4182.77,19,4176.99,34.2,-15.92,NEUTRAL,TRANSITION,BEARISH,,RANGE,BEARISH,COMPRESSION,BULLISH,BOSR,bias NEUTRAL,bias NEUTRAL,CHOCH 19 bars old (>10),15m_low -2.85ATR;15m_high 8.1ATR;5m_low -3.72ATR;5m_high 2.31ATR,not eligible,,,,,,,,,,,,,WAIT,NO_ELIGIBLE_STRATEGY
2026-09-30T15:25,4156.066,4158.061,4151.174,4156.692,15:15,15:00,14:00,499,BEAR_TREND,1.415,7.278,BEARISH,CHOCH/BEARISH,4182.77,20,4176.99,35.65,-13.51,BEARISH,BEAR_TREND,BEARISH,,TRANSITION,,COMPRESSION,BULLISH,MCPBBOSR,closes not progressing,correction NONE,CHOCH 20 bars old (>10),15m_high 8.42ATR;5m_high 2.6ATR,not eligible,,,,,,,,,,,,,WAIT,NO_ELIGIBLE_STRATEGY
2026-09-30T15:30,4156.744,4163.775,4156.744,4159.34,15:15,15:00,14:00,499,BEAR_TREND,1.404,7.264,BEARISH,CHOCH/BEARISH,4182.77,21,4176.99,35.38,-9.83,BEARISH,BEAR_TREND,BEARISH,,TRANSITION,,COMPRESSION,BULLISH,MCPBBOSR,closes not progressing,resolved 26 bars ago (late),CHOCH 21 bars old (>10),15m_high 7.65ATR;5m_high 1.82ATR,not eligible,,,,,,,,,,,,,WAIT,NO_ELIGIBLE_STRATEGY
2026-09-30T15:35,4159.402,4160.6,4155.265,4157.666,15:15,15:00,14:00,499,BEAR_TREND,1.37,7.126,BEARISH,CHOCH/BEARISH,4182.77,22,4176.99,35.32,-10.41,BEARISH,BEAR_TREND,BEARISH,,TRANSITION,,COMPRESSION,BULLISH,MCPBBOSR,closes not progressing,correction NONE,CHOCH 22 bars old (>10),15m_high 8.24ATR;5m_high 2.3ATR,not eligible,,,,,,,,,,,,,WAIT,NO_ELIGIBLE_STRATEGY
2026-09-30T15:40,4157.533,4158.939,4155.293,4157.304,15:30,15:00,14:00,499,BEAR_TREND,1.317,6.878,BEARISH,CHOCH/BEARISH,4182.77,23,4176.99,35.26,-9.74,BEARISH,BEAR_TREND,BEARISH,,TRANSITION,,COMPRESSION,BULLISH,MCPBBOSR,break too old,correction NONE,CHOCH 23 bars old (>10),15m_high 8.78ATR;5m_high 2.63ATR,not eligible,,,,,,,,,,,,,WAIT,NO_ELIGIBLE_STRATEGY
2026-09-30T15:45,4157.249,4161.162,4156.245,4160.772,15:30,15:00,14:00,499,BEAR_TREND,1.284,6.738,BEARISH,CHOCH/BEARISH,4182.77,24,4176.99,34.6,-5.68,BEARISH,BEAR_TREND,BEARISH,,TRANSITION,,COMPRESSION,BULLISH,MCPBBOSR,closes not progressing,resolved 29 bars ago (late),CHOCH 24 bars old (>10),15m_high 8.63ATR;5m_high 2.35ATR,not eligible,,,,,,,,,,,,,WAIT,NO_ELIGIBLE_STRATEGY
2026-09-30T15:50,4160.681,4161.834,4153.69,4154.408,15:30,15:00,14:00,499,BEAR_TREND,1.299,6.838,BEARISH,CHOCH/BEARISH,4182.77,25,4176.99,34.37,-10.89,BEARISH,BEAR_TREND,BEARISH,,TRANSITION,,COMPRESSION,BULLISH,MCPBBOSR,closes not progressing,correction NONE,CHOCH 25 bars old (>10),15m_high 8.41ATR;5m_high 2.22ATR,not eligible,,,,,,,,,,,,,WAIT,NO_ELIGIBLE_STRATEGY
2026-09-30T15:55,4154.447,4157.328,4153.982,4157.129,15:45,15:30,15:00,499,BEAR_TREND,1.246,6.589,BEARISH,CHOCH/BEARISH,4182.77,26,4176.99,34.16,-7.39,BEARISH,BEAR_TREND,BEARISH,,TRANSITION,,COMPRESSION,BEARISH,MCPBBOSR,closes not progressing,correction NONE,CHOCH 26 bars old (>10),15m_high 9.41ATR;5m_high 2.98ATR,not eligible,,,,,,,,,,,,,WAIT,NO_ELIGIBLE_STRATEGY
2026-09-30T16:00,4157.193,4161.471,4155.304,4160.425,15:45,15:30,15:00,499,BEAR_TREND,1.235,6.559,BEARISH,CHOCH/BEARISH,4182.77,27,4176.99,32.82,-3.71,BEARISH,BEAR_TREND,BEARISH,,TRANSITION,,COMPRESSION,BEARISH,MCPBBOSR,closes not progressing,resolved 32 bars ago (late),CHOCH 27 bars old (>10),15m_high 8.82ATR;5m_high 2.37ATR,not eligible,,,,,,,,,,,,,WAIT,NO_ELIGIBLE_STRATEGY
2026-09-30T16:05,4160.729,4161.183,4156.254,4159.03,15:45,15:30,15:00,499,BEAR_TREND,1.21,6.442,BEARISH,CHOCH/BEARISH,4182.77,28,4176.99,31.58,-4.62,BEARISH,BEAR_TREND,BEARISH,,TRANSITION,,COMPRESSION,BEARISH,MCPBBOSR,closes not progressing,resolved 33 bars ago (late),CHOCH 28 bars old (>10),15m_high 9.03ATR;5m_high 2.45ATR,not eligible,,,,,,,,,,,,,WAIT,NO_ELIGIBLE_STRATEGY
2026-09-30T16:10,4158.828,4161.629,4157.187,4160.829,16:00,15:30,15:00,499,BEAR_TREND,1.178,6.299,BEARISH,CHOCH/BEARISH,4182.77,29,4176.99,30.31,-2.55,BEARISH,BEAR_TREND,BEARISH,,TRANSITION,,COMPRESSION,BEARISH,MCPBBOSR,closes not progressing,resolved 34 bars ago (late),CHOCH 29 bars old (>10),15m_high 9.16ATR;5m_high 2.44ATR,not eligible,,,,,,,,,,,,,WAIT,NO_ELIGIBLE_STRATEGY
2026-09-30T16:15,4160.886,4161.66,4157.498,4160.412,16:00,15:30,15:00,499,BEAR_TREND,1.146,6.147,BEARISH,CHOCH/BEARISH,4182.77,30,4176.99,29.12,-2.68,BEARISH,BEAR_TREND,BEARISH,,TRANSITION,,COMPRESSION,BEARISH,MCPBBOSR,closes not progressing,resolved 35 bars ago (late),CHOCH 30 bars old (>10),15m_high 9.38ATR;5m_high 2.49ATR,not eligible,,,,,,,,,,,,,WAIT,NO_ELIGIBLE_STRATEGY
2026-09-30T16:20,4160.492,4163.147,4160.209,4162.616,16:00,15:30,15:00,499,BEAR_TREND,1.1,5.917,BEARISH,CHOCH/BEARISH,4182.77,31,4176.99,27.57,-0.43,BEARISH,BEAR_TREND,BEARISH,,TRANSITION,,COMPRESSION,BEARISH,MCPBBOSR,closes not progressing,resolved 36 bars ago (late),CHOCH 31 bars old (>10),15m_high 9.49ATR;5m_high 2.34ATR,not eligible,,,,,,,,,,,,,WAIT,NO_ELIGIBLE_STRATEGY
2026-09-30T16:25,4162.566,4162.816,4159.516,4161.305,16:15,16:00,15:00,499,BEAR_TREND,1.063,5.73,BEARISH,CHOCH/BEARISH,4182.77,32,4176.99,26.31,-1.58,BEARISH,BEAR_TREND,BEARISH,,TRANSITION,,COMPRESSION,BEARISH,MCPBBOSR,closes not progressing,resolved 37 bars ago (late),CHOCH 32 bars old (>10),15m_high 9.86ATR;5m_high 2.47ATR,not eligible,,,,,,,,,,,,,WAIT,NO_ELIGIBLE_STRATEGY
2026-09-30T16:30,4160.996,4161.61,4157.075,4157.882,16:15,16:00,15:00,499,COMPRESSION,1.045,5.645,BEARISH,CHOCH/BEARISH,4182.77,33,4176.99,25.73,-4.53,BEARISH,BEAR_TREND,BEARISH,,TRANSITION,,COMPRESSION,BEARISH,MCPBBOSR,close 4157.882 vs swing 4151.17 (short by 6.71),resolved 38 bars ago (late),CHOCH 33 bars old (>10),15m_high 10.22ATR;5m_high 2.73ATR,not eligible,,,,,,,,,,,,,WAIT,NO_ELIGIBLE_STRATEGY
2026-09-30T16:35,4157.801,4161.103,4154.765,4159.747,16:15,16:00,15:00,499,COMPRESSION,1.051,5.695,BEARISH,CHOCH/BEARISH,4182.77,34,4176.99,25.69,-2.41,BEARISH,BEAR_TREND,BEARISH,,TRANSITION,,COMPRESSION,BEARISH,MCPBBOSR,closes not progressing,resolved 39 bars ago (late),CHOCH 34 bars old (>10),15m_high 10.22ATR;5m_high 2.79ATR,not eligible,,,,,,,,,,,,,WAIT,NO_ELIGIBLE_STRATEGY